Messung;Jahr;Monat;Tag;Longitude;Latitud;Height;Stunde_Gerät;Minute_Gerät;Sekunde_Gerät;SENSORDATA;Sensor1_T;Sensor1_LF;Sensor2_T;Sensor2_LF;Sensor3_T;Sensor3_LF;Sensor4_T;Sensor4_LF;Distanz_Nachbar;Distanz_Runsum;Height_GIS1
1;2024;12;12;7.43708;46.95168;575.3;11;50;12;SENSORDATA;1.42;70.26;1.62;71.54;1.32;71.06;1.27;72.42;0;0;561.4699731
2;2024;12;12;7.43708;46.95168;575.1;11;50;13;SENSORDATA;1.37;70.28;1.61;71.5;1.36;71.04;1.25;72.43;0;0;561.4699731
3;2024;12;12;7.43708;46.95168;575;11;50;14;SENSORDATA;1.41;70.33;1.64;71.57;1.32;71.02;1.24;72.34;0;0;561.4699731
4;2024;12;12;7.43708;46.95168;574.9;11;50;15;SENSORDATA;1.38;70.35;1.58;71.57;1.33;71.05;1.31;72.42;0;0;561.4699731
5;2024;12;12;7.43709;46.95168;574.7;11;50;16;SENSORDATA;1.37;70.42;1.6;71.65;1.32;71.03;1.28;72.39;0.761153009;0.761153009;561.4699927
6;2024;12;12;7.43709;46.95168;574.7;11;50;18;SENSORDATA;1.42;70.39;1.62;71.61;1.32;70.99;1.27;72.34;0;0.761153009;561.4699927
7;2024;12;12;7.43709;46.95168;574.6;11;50;19;SENSORDATA;1.38;70.42;1.61;71.69;1.29;70.93;1.25;72.29;0;0.761153009;561.4699927
8;2024;12;12;7.43709;46.95168;574.5;11;50;20;SENSORDATA;1.38;70.42;1.64;71.7;1.39;71;1.27;72.32;0;0.761153009;561.4699927
9;2024;12;12;7.43709;46.95168;574.4;11;50;21;SENSORDATA;1.35;70.48;1.65;71.66;1.34;70.95;1.29;72.35;0;0.761153009;561.4699927
10;2024;12;12;7.4371;46.95168;574.3;11;50;23;SENSORDATA;1.44;70.55;1.6;71.68;1.36;70.94;1.27;72.31;0.761153009;1.522306018;561.460022
11;2024;12;12;7.4371;46.95168;574.3;11;50;24;SENSORDATA;1.35;70.52;1.62;71.69;1.33;71.02;1.29;72.28;0;1.522306018;561.460022
12;2024;12;12;7.4371;46.95168;574.2;11;50;25;SENSORDATA;1.47;70.57;1.62;71.77;1.33;70.95;1.29;72.22;0;1.522306018;561.460022
13;2024;12;12;7.4371;46.95168;574.2;11;50;26;SENSORDATA;1.44;70.67;1.61;71.83;1.34;71;1.32;72.22;0;1.522306018;561.460022
14;2024;12;12;7.4371;46.95168;574.1;11;50;27;SENSORDATA;1.39;70.71;1.62;71.89;1.29;71;1.31;72.18;0;1.522306018;561.460022
15;2024;12;12;7.4371;46.95168;574.1;11;50;29;SENSORDATA;1.39;70.76;1.57;71.93;1.33;71.02;1.29;72.25;0;1.522306018;561.460022
16;2024;12;12;7.4371;46.95168;574;11;50;30;SENSORDATA;1.39;70.75;1.65;72.05;1.34;71.01;1.27;72.18;0;1.522306018;561.460022
17;2024;12;12;7.43711;46.95168;574;11;50;31;SENSORDATA;1.44;70.82;1.6;71.99;1.33;70.99;1.29;72.19;0.761153009;2.283459027;561.4500122
18;2024;12;12;7.43711;46.95168;574;11;50;32;SENSORDATA;1.37;70.82;1.64;72.02;1.33;70.98;1.31;72.14;0;2.283459027;561.4500122
19;2024;12;12;7.43711;46.95168;574;11;50;33;SENSORDATA;1.42;70.76;1.61;72.03;1.34;70.97;1.28;72.18;0;2.283459027;561.4500122
20;2024;12;12;7.43711;46.95168;574.1;11;50;35;SENSORDATA;1.41;70.82;1.65;71.94;1.34;70.95;1.27;72.16;0;2.283459027;561.4500122
21;2024;12;12;7.43711;46.95168;574.1;11;50;36;SENSORDATA;1.44;70.74;1.6;71.9;1.37;70.9;1.25;72.19;0;2.283459027;561.4500122
22;2024;12;12;7.43711;46.95168;574.2;11;50;37;SENSORDATA;1.38;70.69;1.62;71.92;1.32;70.9;1.31;72.21;0;2.283459027;561.4500122
23;2024;12;12;7.43711;46.95168;574.3;11;50;38;SENSORDATA;1.38;70.71;1.58;71.91;1.34;70.91;1.27;72.27;0;2.283459027;561.4500122
24;2024;12;12;7.43711;46.95168;574.4;11;50;39;SENSORDATA;1.39;70.7;1.62;71.82;1.36;70.94;1.29;72.37;0;2.283459027;561.4500122
25;2024;12;12;7.43711;46.95168;574.5;11;50;41;SENSORDATA;1.45;70.63;1.62;71.84;1.33;71;1.32;72.31;0;2.283459027;561.4500122
26;2024;12;12;7.43711;46.95168;574.6;11;50;42;SENSORDATA;1.45;70.59;1.61;71.82;1.34;70.97;1.28;72.38;0;2.283459027;561.4500122
27;2024;12;12;7.43712;46.95168;574.7;11;50;43;SENSORDATA;1.42;70.65;1.6;71.75;1.4;71;1.28;72.4;0.761153009;3.044612036;561.4899902
28;2024;12;12;7.43712;46.95168;574.7;11;50;44;SENSORDATA;1.42;70.55;1.6;71.73;1.37;70.91;1.25;72.31;0;3.044612036;561.4899902
29;2024;12;12;7.43712;46.95168;574.9;11;50;46;SENSORDATA;1.45;70.6;1.64;71.7;1.4;70.98;1.32;72.37;0;3.044612036;561.4899902
30;2024;12;12;7.43712;46.95168;575;11;50;47;SENSORDATA;1.42;70.6;1.62;71.74;1.37;71.04;1.27;72.37;0;3.044612036;561.4899902
31;2024;12;12;7.43712;46.95168;575.1;11;50;48;SENSORDATA;1.41;70.57;1.64;71.76;1.36;71.09;1.31;72.36;0;3.044612036;561.4899902
32;2024;12;12;7.43712;46.95168;575.1;11;50;49;SENSORDATA;1.47;70.61;1.58;71.81;1.36;71.08;1.31;72.4;0;3.044612036;561.4899902
33;2024;12;12;7.43712;46.95168;575.2;11;50;50;SENSORDATA;1.42;70.58;1.64;71.94;1.37;71.08;1.34;72.32;0;3.044612036;561.4899902
34;2024;12;12;7.43712;46.95168;575.3;11;50;52;SENSORDATA;1.39;70.64;1.58;71.97;1.37;71.15;1.31;72.36;0;3.044612036;561.4899902
35;2024;12;12;7.43712;46.95168;575.4;11;50;53;SENSORDATA;1.47;70.66;1.64;72.05;1.34;71.1;1.28;72.34;0;3.044612036;561.4899902
36;2024;12;12;7.43712;46.95168;575.5;11;50;54;SENSORDATA;1.41;70.75;1.61;72.11;1.39;71.1;1.28;72.31;0;3.044612036;561.4899902
37;2024;12;12;7.43712;46.95168;575.5;11;50;55;SENSORDATA;1.44;70.81;1.65;72.11;1.37;71.13;1.29;72.29;0;3.044612036;561.4899902
38;2024;12;12;7.43712;46.95168;575.7;11;50;56;SENSORDATA;1.44;70.78;1.64;72.12;1.37;71.1;1.34;72.31;0;3.044612036;561.4899902
39;2024;12;12;7.43712;46.95168;575.7;11;50;58;SENSORDATA;1.39;70.77;1.64;72.09;1.4;71.1;1.38;72.31;0;3.044612036;561.4899902
40;2024;12;12;7.43712;46.95168;575.8;11;50;59;SENSORDATA;1.45;70.82;1.61;72.08;1.41;71.07;1.36;72.3;0;3.044612036;561.4899902
41;2024;12;12;7.43712;46.95168;575.8;11;51;0;SENSORDATA;1.42;70.79;1.7;72.1;1.4;71.05;1.34;72.31;0;3.044612036;561.4899902
42;2024;12;12;7.43713;46.95168;575.9;11;51;1;SENSORDATA;1.45;70.76;1.65;72.01;1.37;71.04;1.32;72.34;0.761153009;3.805765045;561.5
43;2024;12;12;7.43713;46.95168;576;11;51;2;SENSORDATA;1.42;70.71;1.58;72.01;1.36;71.06;1.31;72.29;0;3.805765045;561.5
44;2024;12;12;7.43713;46.95168;576;11;51;4;SENSORDATA;1.44;70.69;1.6;71.94;1.37;70.97;1.31;72.24;0;3.805765045;561.5
45;2024;12;12;7.43713;46.95168;576;11;51;5;SENSORDATA;1.42;70.64;1.61;71.95;1.4;70.98;1.36;72.22;0;3.805765045;561.5
46;2024;12;12;7.43713;46.95168;576;11;51;6;SENSORDATA;1.42;70.53;1.6;71.91;1.41;71;1.34;72.29;0;3.805765045;561.5
47;2024;12;12;7.43713;46.95168;576.1;11;51;7;SENSORDATA;1.45;70.55;1.65;71.86;1.37;70.94;1.32;72.22;0;3.805765045;561.5
48;2024;12;12;7.43713;46.95168;576.1;11;51;9;SENSORDATA;1.39;70.46;1.62;71.8;1.36;70.93;1.31;72.22;0;3.805765045;561.5
49;2024;12;12;7.43713;46.95168;576.1;11;51;10;SENSORDATA;1.47;70.46;1.65;71.82;1.4;70.92;1.35;72.18;0;3.805765045;561.5
50;2024;12;12;7.43713;46.95168;576.1;11;51;11;SENSORDATA;1.47;70.4;1.65;71.76;1.37;70.89;1.38;72.09;0;3.805765045;561.5
51;2024;12;12;7.43713;46.95168;576.1;11;51;12;SENSORDATA;1.41;70.35;1.65;71.72;1.41;70.84;1.32;72.14;0;3.805765045;561.5
52;2024;12;12;7.43713;46.95167;576.1;11;51;13;SENSORDATA;1.47;70.29;1.64;71.66;1.37;70.8;1.34;72.09;1.111574545;4.917339591;561.4699707
53;2024;12;12;7.43713;46.95167;576;11;51;15;SENSORDATA;1.42;70.27;1.62;71.63;1.37;70.87;1.35;72.09;0;4.917339591;561.4699707
54;2024;12;12;7.43713;46.95167;576;11;51;16;SENSORDATA;1.44;70.15;1.64;71.6;1.39;70.82;1.35;72.05;0;4.917339591;561.4699707
55;2024;12;12;7.43713;46.95167;576;11;51;17;SENSORDATA;1.45;70.18;1.61;71.49;1.36;70.79;1.32;71.98;0;4.917339591;561.4699707
56;2024;12;12;7.43713;46.95167;576;11;51;18;SENSORDATA;1.45;70.1;1.62;71.53;1.36;70.8;1.39;72.06;0;4.917339591;561.4699707
57;2024;12;12;7.43713;46.95167;576;11;51;19;SENSORDATA;1.44;70.06;1.64;71.54;1.39;70.8;1.32;72.08;0;4.917339591;561.4699707
58;2024;12;12;7.43713;46.95167;576;11;51;21;SENSORDATA;1.48;70.06;1.61;71.56;1.4;70.69;1.36;72.02;0;4.917339591;561.4699707
59;2024;12;12;7.43713;46.95167;576;11;51;22;SENSORDATA;1.41;70.06;1.6;71.55;1.37;70.7;1.35;72;0;4.917339591;561.4699707
60;2024;12;12;7.43713;46.95167;576;11;51;23;SENSORDATA;1.48;70.09;1.64;71.56;1.37;70.64;1.34;71.97;0;4.917339591;561.4699707
61;2024;12;12;7.43713;46.95167;576;11;51;24;SENSORDATA;1.47;70.14;1.65;71.58;1.4;70.67;1.36;71.99;0;4.917339591;561.4699707
62;2024;12;12;7.43713;46.95167;576;11;51;26;SENSORDATA;1.44;70.18;1.64;71.58;1.39;70.63;1.31;71.94;0;4.917339591;561.4699707
63;2024;12;12;7.43713;46.95167;576;11;51;27;SENSORDATA;1.42;70.12;1.61;71.55;1.37;70.68;1.35;71.94;0;4.917339591;561.4699707
64;2024;12;12;7.43713;46.95167;576;11;51;28;SENSORDATA;1.44;70.21;1.6;71.55;1.34;70.66;1.4;71.96;0;4.917339591;561.4699707
65;2024;12;12;7.43713;46.95167;576;11;51;29;SENSORDATA;1.45;70.26;1.61;71.58;1.41;70.68;1.36;72.01;0;4.917339591;561.4699707
66;2024;12;12;7.43713;46.95167;575.9;11;51;30;SENSORDATA;1.45;70.35;1.61;71.62;1.37;70.64;1.35;71.98;0;4.917339591;561.4699707
67;2024;12;12;7.43713;46.95167;575.9;11;51;32;SENSORDATA;1.45;70.39;1.62;71.65;1.37;70.63;1.36;71.98;0;4.917339591;561.4699707
68;2024;12;12;7.43713;46.95167;575.8;11;51;33;SENSORDATA;1.42;70.47;1.57;71.58;1.4;70.62;1.36;71.96;0;4.917339591;561.4699707
69;2024;12;12;7.43713;46.95167;575.8;11;51;34;SENSORDATA;1.42;70.53;1.6;71.65;1.37;70.64;1.38;71.96;0;4.917339591;561.4699707
70;2024;12;12;7.43713;46.95167;575.8;11;51;35;SENSORDATA;1.48;70.63;1.65;71.72;1.39;70.63;1.36;72.03;0;4.917339591;561.4699707
71;2024;12;12;7.43713;46.95167;575.7;11;51;36;SENSORDATA;1.45;70.58;1.6;71.72;1.44;70.67;1.35;71.94;0;4.917339591;561.4699707
72;2024;12;12;7.43713;46.95167;575.7;11;51;38;SENSORDATA;1.47;70.7;1.58;71.74;1.4;70.66;1.36;71.92;0;4.917339591;561.4699707
73;2024;12;12;7.43713;46.95167;575.7;11;51;39;SENSORDATA;1.47;70.77;1.62;71.74;1.44;70.68;1.35;72;0;4.917339591;561.4699707
74;2024;12;12;7.43712;46.95167;575.7;11;51;40;SENSORDATA;1.44;70.76;1.61;71.82;1.4;70.62;1.36;71.95;0.761153151;5.678492741;561.5
75;2024;12;12;7.43712;46.95167;575.7;11;51;41;SENSORDATA;1.48;70.88;1.62;71.97;1.37;70.64;1.35;71.88;0;5.678492741;561.5
76;2024;12;12;7.43712;46.95167;575.6;11;51;42;SENSORDATA;1.45;70.9;1.61;71.97;1.43;70.6;1.38;71.95;0;5.678492741;561.5
77;2024;12;12;7.43712;46.95167;575.5;11;51;44;SENSORDATA;1.44;71.03;1.68;72.07;1.34;70.64;1.34;71.91;0;5.678492741;561.5
78;2024;12;12;7.43712;46.95167;575.4;11;51;45;SENSORDATA;1.42;71.07;1.62;72.08;1.4;70.64;1.34;71.86;0;5.678492741;561.5
79;2024;12;12;7.43712;46.95167;575.3;11;51;46;SENSORDATA;1.47;71.17;1.61;72.14;1.41;70.64;1.38;71.89;0;5.678492741;561.5
80;2024;12;12;7.43712;46.95167;575.3;11;51;47;SENSORDATA;1.47;71.27;1.65;72.18;1.39;70.6;1.34;71.91;0;5.678492741;561.5
81;2024;12;12;7.43712;46.95167;575.2;11;51;49;SENSORDATA;1.42;71.24;1.62;72.23;1.36;70.56;1.35;71.86;0;5.678492741;561.5
82;2024;12;12;7.43712;46.95167;575.2;11;51;50;SENSORDATA;1.45;71.27;1.65;72.19;1.44;70.66;1.34;71.85;0;5.678492741;561.5
83;2024;12;12;7.43712;46.95167;575.2;11;51;51;SENSORDATA;1.44;71.27;1.67;72.22;1.39;70.58;1.35;71.91;0;5.678492741;561.5
84;2024;12;12;7.43712;46.95167;575.2;11;51;52;SENSORDATA;1.44;71.3;1.61;72.21;1.41;70.68;1.36;71.92;0;5.678492741;561.5
85;2024;12;12;7.43712;46.95167;575.3;11;51;53;SENSORDATA;1.44;71.2;1.68;72.17;1.41;70.59;1.38;71.87;0;5.678492741;561.5
86;2024;12;12;7.43713;46.95167;575.3;11;51;55;SENSORDATA;1.42;71.14;1.61;72.15;1.41;70.61;1.38;71.93;0.761153151;6.439645892;561.4699707
87;2024;12;12;7.43713;46.95167;575.4;11;51;56;SENSORDATA;1.45;71.13;1.61;72.16;1.43;70.71;1.38;71.89;0;6.439645892;561.4699707
88;2024;12;12;7.43713;46.95167;575.4;11;51;57;SENSORDATA;1.49;71.07;1.65;72.12;1.43;70.67;1.36;71.86;0;6.439645892;561.4699707
89;2024;12;12;7.43713;46.95167;575.4;11;51;58;SENSORDATA;1.41;71.03;1.67;72.08;1.37;70.7;1.32;71.9;0;6.439645892;561.4699707
90;2024;12;12;7.43713;46.95167;575.4;11;51;59;SENSORDATA;1.45;70.95;1.62;72.08;1.43;70.74;1.36;71.83;0;6.439645892;561.4699707
91;2024;12;12;7.43713;46.95167;575.3;11;52;1;SENSORDATA;1.49;70.91;1.6;72.03;1.43;70.76;1.39;71.85;0;6.439645892;561.4699707
92;2024;12;12;7.43713;46.95167;575.2;11;52;2;SENSORDATA;1.45;70.9;1.64;72.01;1.43;70.75;1.4;71.83;0;6.439645892;561.4699707
93;2024;12;12;7.43713;46.95167;575.2;11;52;3;SENSORDATA;1.49;70.9;1.64;72.04;1.44;70.73;1.36;71.83;0;6.439645892;561.4699707
94;2024;12;12;7.43713;46.95167;575.1;11;52;4;SENSORDATA;1.48;70.84;1.64;71.96;1.39;70.77;1.4;71.8;0;6.439645892;561.4699707
95;2024;12;12;7.43713;46.95167;575.1;11;52;6;SENSORDATA;1.45;70.84;1.64;71.95;1.44;70.78;1.38;71.81;0;6.439645892;561.4699707
96;2024;12;12;7.43713;46.95167;575;11;52;7;SENSORDATA;1.47;70.85;1.62;71.94;1.43;70.78;1.31;71.8;0;6.439645892;561.4699707
97;2024;12;12;7.43713;46.95167;574.9;11;52;8;SENSORDATA;1.51;70.83;1.64;71.97;1.41;70.78;1.39;71.84;0;6.439645892;561.4699707
98;2024;12;12;7.43713;46.95167;574.8;11;52;9;SENSORDATA;1.47;70.78;1.64;72;1.41;70.78;1.39;71.83;0;6.439645892;561.4699707
99;2024;12;12;7.43713;46.95167;574.8;11;52;10;SENSORDATA;1.48;70.78;1.65;71.96;1.44;70.8;1.38;71.85;0;6.439645892;561.4699707
100;2024;12;12;7.43713;46.95167;574.7;11;52;12;SENSORDATA;1.49;70.84;1.65;72.04;1.39;70.82;1.35;71.89;0;6.439645892;561.4699707
101;2024;12;12;7.43713;46.95167;574.7;11;52;13;SENSORDATA;1.45;70.8;1.62;72.05;1.41;70.83;1.36;71.83;0;6.439645892;561.4699707
102;2024;12;12;7.43713;46.95167;574.6;11;52;14;SENSORDATA;1.45;70.79;1.64;72.06;1.41;70.8;1.39;71.78;0;6.439645892;561.4699707
103;2024;12;12;7.43713;46.95167;574.6;11;52;15;SENSORDATA;1.48;70.77;1.62;72.06;1.41;70.84;1.36;71.76;0;6.439645892;561.4699707
104;2024;12;12;7.43713;46.95167;574.6;11;52;16;SENSORDATA;1.47;70.81;1.64;72.01;1.44;70.85;1.36;71.79;0;6.439645892;561.4699707
105;2024;12;12;7.43713;46.95167;574.5;11;52;18;SENSORDATA;1.47;70.75;1.6;71.88;1.4;70.8;1.38;71.74;0;6.439645892;561.4699707
106;2024;12;12;7.43713;46.95167;574.5;11;52;19;SENSORDATA;1.52;70.68;1.62;71.92;1.41;70.81;1.34;71.78;0;6.439645892;561.4699707
107;2024;12;12;7.43713;46.95167;574.5;11;52;20;SENSORDATA;1.51;70.7;1.61;71.93;1.37;70.73;1.38;71.71;0;6.439645892;561.4699707
108;2024;12;12;7.43713;46.95167;574.4;11;52;21;SENSORDATA;1.51;70.59;1.64;71.91;1.4;70.79;1.39;71.69;0;6.439645892;561.4699707
109;2024;12;12;7.43713;46.95167;574.4;11;52;22;SENSORDATA;1.48;70.54;1.64;71.9;1.4;70.78;1.34;71.65;0;6.439645892;561.4699707
110;2024;12;12;7.43713;46.95167;574.4;11;52;24;SENSORDATA;1.52;70.53;1.67;71.89;1.39;70.79;1.38;71.7;0;6.439645892;561.4699707
111;2024;12;12;7.43713;46.95167;574.3;11;52;25;SENSORDATA;1.47;70.5;1.62;71.86;1.43;70.76;1.34;71.65;0;6.439645892;561.4699707
112;2024;12;12;7.43713;46.95167;574.3;11;52;26;SENSORDATA;1.51;70.46;1.65;71.9;1.4;70.8;1.34;71.69;0;6.439645892;561.4699707
113;2024;12;12;7.43713;46.95167;574.3;11;52;27;SENSORDATA;1.51;70.48;1.7;71.89;1.43;70.76;1.35;71.71;0;6.439645892;561.4699707
114;2024;12;12;7.43713;46.95167;574.2;11;52;29;SENSORDATA;1.48;70.44;1.64;71.91;1.39;70.77;1.34;71.7;0;6.439645892;561.4699707
115;2024;12;12;7.43713;46.95167;574.1;11;52;30;SENSORDATA;1.49;70.45;1.6;71.85;1.41;70.76;1.38;71.65;0;6.439645892;561.4699707
116;2024;12;12;7.43713;46.95167;574.1;11;52;31;SENSORDATA;1.47;70.4;1.68;71.83;1.41;70.8;1.35;71.65;0;6.439645892;561.4699707
117;2024;12;12;7.43713;46.95167;574;11;52;32;SENSORDATA;1.48;70.42;1.64;71.8;1.44;70.76;1.34;71.68;0;6.439645892;561.4699707
118;2024;12;12;7.43713;46.95167;574;11;52;33;SENSORDATA;1.51;70.41;1.65;71.77;1.4;70.82;1.38;71.72;0;6.439645892;561.4699707
119;2024;12;12;7.43713;46.95167;574;11;52;35;SENSORDATA;1.51;70.33;1.65;71.79;1.41;70.76;1.36;71.69;0;6.439645892;561.4699707
120;2024;12;12;7.43713;46.95167;574;11;52;36;SENSORDATA;1.49;70.35;1.67;71.78;1.46;70.76;1.39;71.7;0;6.439645892;561.4699707
121;2024;12;12;7.43713;46.95167;574;11;52;37;SENSORDATA;1.48;70.35;1.62;71.81;1.43;70.84;1.38;71.74;0;6.439645892;561.4699707
122;2024;12;12;7.43713;46.95168;574;11;52;38;SENSORDATA;1.49;70.29;1.68;71.76;1.4;70.86;1.36;71.85;1.111574545;7.551220437;561.5
123;2024;12;12;7.43713;46.95168;574;11;52;39;SENSORDATA;1.51;70.31;1.61;71.74;1.4;70.85;1.36;71.83;0;7.551220437;561.5
124;2024;12;12;7.43713;46.95168;574;11;52;41;SENSORDATA;1.48;70.25;1.65;71.76;1.4;70.94;1.39;71.86;0;7.551220437;561.5
125;2024;12;12;7.43713;46.95168;574.1;11;52;42;SENSORDATA;1.49;70.23;1.62;71.73;1.46;70.91;1.39;71.91;0;7.551220437;561.5
126;2024;12;12;7.43713;46.95168;574.1;11;52;43;SENSORDATA;1.49;70.24;1.65;71.62;1.46;70.9;1.39;71.99;0;7.551220437;561.5
127;2024;12;12;7.43713;46.95168;574;11;52;44;SENSORDATA;1.51;70.24;1.65;71.64;1.43;70.9;1.36;71.96;0;7.551220437;561.5
128;2024;12;12;7.43713;46.95168;574;11;52;46;SENSORDATA;1.48;70.15;1.65;71.68;1.46;70.98;1.39;71.92;0;7.551220437;561.5
129;2024;12;12;7.43713;46.95168;574;11;52;47;SENSORDATA;1.52;70.16;1.64;71.61;1.44;70.91;1.38;71.93;0;7.551220437;561.5
130;2024;12;12;7.43713;46.95168;573.9;11;52;48;SENSORDATA;1.55;70.16;1.68;71.56;1.41;70.96;1.36;71.9;0;7.551220437;561.5
131;2024;12;12;7.43713;46.95168;573.9;11;52;49;SENSORDATA;1.44;70.07;1.6;71.6;1.4;71.04;1.36;72.07;0;7.551220437;561.5
132;2024;12;12;7.43713;46.95168;573.9;11;52;50;SENSORDATA;1.51;70.12;1.7;71.6;1.43;71.04;1.39;72.05;0;7.551220437;561.5
133;2024;12;12;7.43713;46.95168;573.9;11;52;52;SENSORDATA;1.48;70.16;1.6;71.62;1.41;71.12;1.38;72.14;0;7.551220437;561.5
134;2024;12;12;7.43713;46.95168;573.9;11;52;53;SENSORDATA;1.48;70.15;1.68;71.68;1.41;71.14;1.43;72.16;0;7.551220437;561.5
135;2024;12;12;7.43713;46.95168;573.8;11;52;54;SENSORDATA;1.52;70.16;1.64;71.64;1.43;71.18;1.4;72.17;0;7.551220437;561.5
136;2024;12;12;7.43713;46.95168;573.8;11;52;55;SENSORDATA;1.52;70.07;1.67;71.78;1.46;71.25;1.38;72.22;0;7.551220437;561.5
137;2024;12;12;7.43713;46.95168;573.8;11;52;56;SENSORDATA;1.48;70.12;1.67;71.78;1.49;71.29;1.4;72.18;0;7.551220437;561.5
138;2024;12;12;7.43713;46.95168;573.8;11;52;58;SENSORDATA;1.49;70.15;1.7;71.86;1.46;71.32;1.4;72.19;0;7.551220437;561.5
139;2024;12;12;7.43713;46.95168;573.8;11;52;59;SENSORDATA;1.51;70.18;1.68;71.94;1.44;71.28;1.38;72.18;0;7.551220437;561.5
140;2024;12;12;7.43713;46.95168;573.8;11;53;0;SENSORDATA;1.54;70.19;1.72;72.02;1.49;71.33;1.42;72.14;0;7.551220437;561.5
141;2024;12;12;7.43713;46.95168;573.7;11;53;1;SENSORDATA;1.49;70.27;1.67;72.05;1.46;71.28;1.42;72.09;0;7.551220437;561.5
142;2024;12;12;7.43713;46.95168;573.7;11;53;2;SENSORDATA;1.49;70.26;1.71;72.13;1.43;71.25;1.38;72;0;7.551220437;561.5
143;2024;12;12;7.43713;46.95168;573.7;11;53;4;SENSORDATA;1.47;70.32;1.62;72.14;1.44;71.28;1.39;72.01;0;7.551220437;561.5
144;2024;12;12;7.43713;46.95168;573.7;11;53;5;SENSORDATA;1.51;70.31;1.67;72.27;1.43;71.26;1.43;71.94;0;7.551220437;561.5
145;2024;12;12;7.43713;46.95168;573.7;11;53;6;SENSORDATA;1.54;70.35;1.71;72.36;1.5;71.29;1.39;71.91;0;7.551220437;561.5
146;2024;12;12;7.43713;46.95168;573.7;11;53;7;SENSORDATA;1.47;70.29;1.68;72.39;1.49;71.21;1.35;71.84;0;7.551220437;561.5
147;2024;12;12;7.43713;46.95168;573.7;11;53;9;SENSORDATA;1.52;70.43;1.67;72.43;1.47;71.2;1.39;71.84;0;7.551220437;561.5
148;2024;12;12;7.43713;46.95168;573.6;11;53;10;SENSORDATA;1.49;70.4;1.71;72.49;1.46;71.19;1.4;71.81;0;7.551220437;561.5
149;2024;12;12;7.43713;46.95168;573.6;11;53;11;SENSORDATA;1.49;70.42;1.64;72.49;1.51;71.15;1.4;71.82;0;7.551220437;561.5
150;2024;12;12;7.43713;46.95168;573.6;11;53;12;SENSORDATA;1.48;70.39;1.65;72.46;1.44;71.09;1.43;71.82;0;7.551220437;561.5
151;2024;12;12;7.43713;46.95168;573.6;11;53;13;SENSORDATA;1.55;70.42;1.68;72.5;1.46;71.04;1.39;71.79;0;7.551220437;561.5
152;2024;12;12;7.43713;46.95168;573.6;11;53;15;SENSORDATA;1.49;70.39;1.72;72.53;1.47;70.98;1.43;71.77;0;7.551220437;561.5
153;2024;12;12;7.43713;46.95168;573.6;11;53;16;SENSORDATA;1.52;70.39;1.74;72.58;1.44;70.97;1.4;71.69;0;7.551220437;561.5
154;2024;12;12;7.43713;46.95168;573.6;11;53;17;SENSORDATA;1.48;70.37;1.64;72.53;1.47;70.96;1.43;71.67;0;7.551220437;561.5
155;2024;12;12;7.43713;46.95168;573.6;11;53;18;SENSORDATA;1.57;70.4;1.68;72.48;1.44;70.95;1.35;71.67;0;7.551220437;561.5
156;2024;12;12;7.43714;46.95168;573.6;11;53;19;SENSORDATA;1.49;70.36;1.67;72.43;1.5;71.02;1.39;71.64;0.761153009;8.312373447;561.5100098
157;2024;12;12;7.43714;46.95168;573.6;11;53;21;SENSORDATA;1.51;70.33;1.65;72.43;1.49;71.04;1.4;71.65;0;8.312373447;561.5100098
158;2024;12;12;7.43714;46.95168;573.6;11;53;22;SENSORDATA;1.52;70.31;1.65;72.41;1.47;71.16;1.39;71.62;0;8.312373447;561.5100098
159;2024;12;12;7.43714;46.95168;573.6;11;53;23;SENSORDATA;1.52;70.27;1.68;72.42;1.51;71.35;1.45;71.66;0;8.312373447;561.5100098
160;2024;12;12;7.43714;46.95168;573.6;11;53;24;SENSORDATA;1.54;70.19;1.7;72.29;1.53;71.49;1.38;71.71;0;8.312373447;561.5100098
161;2024;12;12;7.43714;46.95168;573.6;11;53;25;SENSORDATA;1.49;70.25;1.65;72.25;1.5;71.7;1.39;71.7;0;8.312373447;561.5100098
162;2024;12;12;7.43714;46.95168;573.6;11;53;27;SENSORDATA;1.52;70.18;1.67;72.2;1.54;71.9;1.4;71.81;0;8.312373447;561.5100098
163;2024;12;12;7.43714;46.95168;573.6;11;53;28;SENSORDATA;1.49;70.2;1.7;72.17;1.5;72.1;1.42;71.83;0;8.312373447;561.5100098
164;2024;12;12;7.43714;46.95168;573.7;11;53;29;SENSORDATA;1.55;70.17;1.72;72.1;1.47;72.19;1.46;71.85;0;8.312373447;561.5100098
165;2024;12;12;7.43714;46.95168;573.7;11;53;30;SENSORDATA;1.54;70.22;1.67;72.07;1.53;72.38;1.42;71.87;0;8.312373447;561.5100098
166;2024;12;12;7.43714;46.95168;573.7;11;53;32;SENSORDATA;1.52;70.32;1.75;72.07;1.51;72.56;1.39;71.88;0;8.312373447;561.5100098
167;2024;12;12;7.43714;46.95168;573.7;11;53;33;SENSORDATA;1.48;70.38;1.67;72.11;1.53;72.61;1.42;71.85;0;8.312373447;561.5100098
168;2024;12;12;7.43714;46.95168;573.7;11;53;34;SENSORDATA;1.52;70.5;1.74;72.08;1.47;72.71;1.39;71.85;0;8.312373447;561.5100098
169;2024;12;12;7.43714;46.95168;573.7;11;53;35;SENSORDATA;1.54;70.55;1.65;72.12;1.49;72.64;1.42;71.71;0;8.312373447;561.5100098
170;2024;12;12;7.43714;46.95168;573.7;11;53;36;SENSORDATA;1.49;70.57;1.74;72.21;1.51;72.53;1.4;71.73;0;8.312373447;561.5100098
171;2024;12;12;7.43714;46.95168;573.7;11;53;38;SENSORDATA;1.48;70.58;1.68;72.2;1.49;72.32;1.42;71.73;0;8.312373447;561.5100098
172;2024;12;12;7.43714;46.95168;573.7;11;53;39;SENSORDATA;1.52;70.75;1.71;72.18;1.51;72.25;1.43;71.69;0;8.312373447;561.5100098
173;2024;12;12;7.43714;46.95168;573.6;11;53;40;SENSORDATA;1.52;70.78;1.7;72.3;1.51;72.05;1.43;71.66;0;8.312373447;561.5100098
174;2024;12;12;7.43714;46.95168;573.6;11;53;41;SENSORDATA;1.59;70.79;1.68;72.4;1.5;71.88;1.42;71.61;0;8.312373447;561.5100098
175;2024;12;12;7.43714;46.95168;573.7;11;53;42;SENSORDATA;1.54;70.84;1.74;72.41;1.53;71.8;1.39;71.6;0;8.312373447;561.5100098
176;2024;12;12;7.43714;46.95168;573.7;11;53;44;SENSORDATA;1.52;70.82;1.71;72.43;1.47;71.61;1.43;71.56;0;8.312373447;561.5100098
177;2024;12;12;7.43714;46.95168;573.7;11;53;45;SENSORDATA;1.54;70.77;1.72;72.42;1.5;71.45;1.43;71.49;0;8.312373447;561.5100098
178;2024;12;12;7.43714;46.95168;573.7;11;53;46;SENSORDATA;1.57;70.75;1.67;72.38;1.5;71.32;1.4;71.52;0;8.312373447;561.5100098
179;2024;12;12;7.43714;46.95168;573.7;11;53;47;SENSORDATA;1.52;70.66;1.71;72.32;1.53;71.26;1.39;71.41;0;8.312373447;561.5100098
180;2024;12;12;7.43714;46.95168;573.7;11;53;49;SENSORDATA;1.52;70.6;1.68;72.27;1.49;71.1;1.43;71.42;0;8.312373447;561.5100098
181;2024;12;12;7.43714;46.95168;573.7;11;53;50;SENSORDATA;1.51;70.43;1.68;72.18;1.49;70.98;1.36;71.35;0;8.312373447;561.5100098
182;2024;12;12;7.43715;46.95168;573.4;11;53;51;SENSORDATA;1.51;70.36;1.74;72.14;1.51;70.93;1.35;71.3;0.761153009;9.073526456;561.5100098
183;2024;12;12;7.43716;46.95168;573.1;11;53;52;SENSORDATA;1.52;70.31;1.68;72.07;1.47;70.81;1.38;71.3;0.761153009;9.834679465;561.539978
184;2024;12;12;7.43717;46.95168;572.7;11;53;53;SENSORDATA;1.54;70.27;1.71;72;1.49;70.68;1.36;71.24;0.761153009;10.59583247;561.5200195
185;2024;12;12;7.43719;46.95167;572.3;11;53;55;SENSORDATA;1.51;70.21;1.74;71.97;1.5;70.63;1.38;71.25;1.884944035;12.48077651;561.5800171
186;2024;12;12;7.4372;46.95167;572.1;11;53;56;SENSORDATA;1.59;70.13;1.65;71.93;1.49;70.59;1.4;71.21;0.761153151;13.24192966;561.5599976
187;2024;12;12;7.43723;46.95167;571.6;11;53;57;SENSORDATA;1.51;70.09;1.72;71.92;1.51;70.61;1.36;71.24;2.283459452;15.52538911;561.539978
188;2024;12;12;7.43725;46.95166;571.5;11;53;58;SENSORDATA;1.55;70.11;1.75;71.9;1.47;70.58;1.34;71.34;1.884944262;17.41033337;561.6400146
189;2024;12;12;7.43727;46.95166;571.6;11;53;59;SENSORDATA;1.52;70.05;1.68;71.9;1.49;70.6;1.38;71.37;1.522306585;18.93263996;561.6599731
190;2024;12;12;7.43728;46.95166;571.6;11;54;1;SENSORDATA;1.52;70.05;1.72;71.94;1.49;70.6;1.34;71.32;0.761153293;19.69379325;561.7000122
191;2024;12;12;7.4373;46.95166;571.7;11;54;2;SENSORDATA;1.57;70.11;1.7;71.88;1.5;70.5;1.36;71.38;1.522306585;21.21609984;561.710022
192;2024;12;12;7.43731;46.95167;571.7;11;54;3;SENSORDATA;1.54;70.06;1.72;71.93;1.44;70.5;1.34;71.36;1.347201615;22.56330145;561.7299805
193;2024;12;12;7.43731;46.95167;571.7;11;54;4;SENSORDATA;1.55;70.04;1.72;71.91;1.46;70.44;1.36;71.35;0;22.56330145;561.7299805
194;2024;12;12;7.43731;46.95167;571.6;11;54;5;SENSORDATA;1.57;70.06;1.72;71.91;1.49;70.35;1.34;71.38;0;22.56330145;561.7299805
195;2024;12;12;7.43731;46.95167;571.6;11;54;7;SENSORDATA;1.54;70.15;1.7;71.95;1.46;70.39;1.29;71.48;0;22.56330145;561.7299805
196;2024;12;12;7.4373;46.95166;571.9;11;54;8;SENSORDATA;1.58;70.15;1.7;71.93;1.41;70.44;1.34;71.44;1.347201615;23.91050307;561.710022
197;2024;12;12;7.43728;46.95166;571.9;11;54;9;SENSORDATA;1.54;70.2;1.7;72.01;1.44;70.43;1.29;71.41;1.522306585;25.43280965;561.7000122
198;2024;12;12;7.43728;46.95166;571.9;11;54;10;SENSORDATA;1.55;70.25;1.7;72.01;1.46;70.46;1.32;71.52;0;25.43280965;561.7000122
199;2024;12;12;7.43728;46.95166;571.9;11;54;12;SENSORDATA;1.51;70.28;1.74;72.05;1.51;70.42;1.31;71.53;0;25.43280965;561.7000122
200;2024;12;12;7.43728;46.95166;571.9;11;54;13;SENSORDATA;1.55;70.3;1.67;72.07;1.49;70.46;1.29;71.55;0;25.43280965;561.7000122
201;2024;12;12;7.43728;46.95166;571.9;11;54;14;SENSORDATA;1.54;70.37;1.71;72.03;1.44;70.38;1.32;71.6;0;25.43280965;561.7000122
202;2024;12;12;7.43726;46.95166;572.1;11;54;15;SENSORDATA;1.55;70.34;1.7;72.03;1.44;70.46;1.32;71.59;1.522306585;26.95511624;561.6400146
203;2024;12;12;7.43725;46.95167;572.1;11;54;16;SENSORDATA;1.49;70.4;1.7;72;1.44;70.46;1.31;71.54;1.347201615;28.30231785;561.6599731
204;2024;12;12;7.43723;46.95167;572.1;11;54;18;SENSORDATA;1.57;70.4;1.68;72;1.41;70.43;1.28;71.65;1.522306302;29.82462415;561.539978
205;2024;12;12;7.43721;46.95168;572.2;11;54;19;SENSORDATA;1.54;70.37;1.74;72;1.41;70.36;1.29;71.52;1.884944034;31.70956819;561.6300049
206;2024;12;12;7.4372;46.95168;572.1;11;54;20;SENSORDATA;1.55;70.38;1.68;72.02;1.41;70.36;1.27;71.55;0.761153009;32.4707212;561.5900269
207;2024;12;12;7.43718;46.95169;572.1;11;54;21;SENSORDATA;1.57;70.43;1.75;72;1.43;70.33;1.27;71.53;1.884943806;34.355665;561.6099854
208;2024;12;12;7.43718;46.95169;572.2;11;54;22;SENSORDATA;1.52;70.38;1.72;72.02;1.4;70.37;1.28;71.53;0;34.355665;561.6099854
209;2024;12;12;7.43718;46.95169;572.1;11;54;24;SENSORDATA;1.58;70.38;1.71;72.01;1.44;70.43;1.29;71.57;0;34.355665;561.6099854
210;2024;12;12;7.43718;46.95169;572.2;11;54;25;SENSORDATA;1.57;70.34;1.7;71.9;1.41;70.43;1.29;71.64;0;34.355665;561.6099854
211;2024;12;12;7.43718;46.95169;572.2;11;54;26;SENSORDATA;1.54;70.33;1.68;71.91;1.41;70.48;1.29;71.79;0;34.355665;561.6099854
212;2024;12;12;7.43718;46.95169;572.2;11;54;27;SENSORDATA;1.55;70.27;1.68;71.93;1.47;70.59;1.28;71.79;0;34.355665;561.6099854
213;2024;12;12;7.43718;46.95169;572.2;11;54;29;SENSORDATA;1.57;70.27;1.68;71.84;1.43;70.67;1.28;71.88;0;34.355665;561.6099854
214;2024;12;12;7.43718;46.95169;572.2;11;54;30;SENSORDATA;1.55;70.15;1.7;71.79;1.46;70.72;1.29;71.91;0;34.355665;561.6099854
215;2024;12;12;7.43718;46.95169;572.1;11;54;31;SENSORDATA;1.57;70.15;1.71;71.81;1.43;70.89;1.28;72.1;0;34.355665;561.6099854
216;2024;12;12;7.43718;46.95169;572.1;11;54;32;SENSORDATA;1.55;70.09;1.67;71.73;1.46;70.94;1.32;72.15;0;34.355665;561.6099854
217;2024;12;12;7.43718;46.95169;572;11;54;33;SENSORDATA;1.57;70.09;1.74;71.73;1.46;71.11;1.28;72.31;0;34.355665;561.6099854
218;2024;12;12;7.43718;46.95169;572;11;54;35;SENSORDATA;1.55;70.02;1.72;71.73;1.41;71.26;1.27;72.32;0;34.355665;561.6099854
219;2024;12;12;7.43718;46.95169;572;11;54;36;SENSORDATA;1.57;70.04;1.7;71.69;1.47;71.37;1.27;72.3;0;34.355665;561.6099854
220;2024;12;12;7.43718;46.95169;571.9;11;54;37;SENSORDATA;1.54;70.01;1.7;71.73;1.46;71.52;1.28;72.2;0;34.355665;561.6099854
221;2024;12;12;7.43718;46.95169;571.9;11;54;38;SENSORDATA;1.58;70.08;1.75;71.7;1.46;71.55;1.31;72.17;0;34.355665;561.6099854
222;2024;12;12;7.43718;46.95168;571.9;11;54;39;SENSORDATA;1.52;70.02;1.71;71.76;1.41;71.6;1.27;72.15;1.111574546;35.46723955;561.5599976
223;2024;12;12;7.43718;46.95168;571.9;11;54;41;SENSORDATA;1.57;70.06;1.74;71.79;1.47;71.63;1.28;72.13;0;35.46723955;561.5599976
224;2024;12;12;7.43718;46.95168;571.9;11;54;42;SENSORDATA;1.57;70.12;1.68;71.75;1.49;71.62;1.29;72.06;0;35.46723955;561.5599976
225;2024;12;12;7.43718;46.95168;571.9;11;54;43;SENSORDATA;1.58;70.19;1.72;71.79;1.5;71.54;1.28;72.05;0;35.46723955;561.5599976
226;2024;12;12;7.43718;46.95168;572;11;54;44;SENSORDATA;1.59;70.24;1.7;71.81;1.44;71.52;1.29;71.98;0;35.46723955;561.5599976
227;2024;12;12;7.43718;46.95168;572;11;54;45;SENSORDATA;1.57;70.3;1.7;71.82;1.47;71.46;1.32;72.02;0;35.46723955;561.5599976
228;2024;12;12;7.43718;46.95168;572;11;54;47;SENSORDATA;1.61;70.36;1.72;71.85;1.46;71.36;1.29;71.98;0;35.46723955;561.5599976
229;2024;12;12;7.43718;46.95168;572;11;54;48;SENSORDATA;1.58;70.38;1.71;71.88;1.47;71.32;1.28;71.95;0;35.46723955;561.5599976
230;2024;12;12;7.43718;46.95168;572.1;11;54;49;SENSORDATA;1.59;70.39;1.7;71.96;1.47;71.25;1.27;71.87;0;35.46723955;561.5599976
231;2024;12;12;7.43718;46.95168;572.1;11;54;50;SENSORDATA;1.57;70.42;1.74;71.89;1.41;71.13;1.27;71.87;0;35.46723955;561.5599976
232;2024;12;12;7.43718;46.95168;572.1;11;54;52;SENSORDATA;1.59;70.52;1.7;71.91;1.43;71.07;1.29;71.85;0;35.46723955;561.5599976
233;2024;12;12;7.43718;46.95168;572.2;11;54;53;SENSORDATA;1.61;70.58;1.71;71.93;1.43;71;1.34;71.78;0;35.46723955;561.5599976
234;2024;12;12;7.43718;46.95168;572.2;11;54;54;SENSORDATA;1.59;70.58;1.72;72.01;1.41;70.91;1.25;71.82;0;35.46723955;561.5599976
235;2024;12;12;7.43718;46.95168;572.3;11;54;55;SENSORDATA;1.57;70.66;1.75;72.02;1.43;70.87;1.25;71.73;0;35.46723955;561.5599976
236;2024;12;12;7.43718;46.95168;572.3;11;54;56;SENSORDATA;1.55;70.65;1.7;72.03;1.46;70.87;1.28;71.76;0;35.46723955;561.5599976
237;2024;12;12;7.43718;46.95168;572.3;11;54;58;SENSORDATA;1.57;70.68;1.78;72.06;1.44;70.79;1.25;71.72;0;35.46723955;561.5599976
238;2024;12;12;7.43718;46.95168;572.3;11;54;59;SENSORDATA;1.61;70.63;1.68;72.05;1.44;70.73;1.29;71.71;0;35.46723955;561.5599976
239;2024;12;12;7.43718;46.95168;572.4;11;55;0;SENSORDATA;1.52;70.7;1.7;72.1;1.43;70.67;1.25;71.7;0;35.46723955;561.5599976
240;2024;12;12;7.43718;46.95168;572.4;11;55;1;SENSORDATA;1.55;70.68;1.71;72.07;1.49;70.6;1.29;71.74;0;35.46723955;561.5599976
241;2024;12;12;7.43718;46.95168;572.4;11;55;2;SENSORDATA;1.57;70.66;1.7;72.04;1.46;70.58;1.27;71.68;0;35.46723955;561.5599976
242;2024;12;12;7.43718;46.95168;572.4;11;55;4;SENSORDATA;1.59;70.63;1.75;71.99;1.4;70.45;1.25;71.67;0;35.46723955;561.5599976
243;2024;12;12;7.43718;46.95168;572.4;11;55;5;SENSORDATA;1.55;70.56;1.72;72.01;1.41;70.44;1.28;71.68;0;35.46723955;561.5599976
244;2024;12;12;7.43718;46.95168;572.4;11;55;6;SENSORDATA;1.59;70.58;1.72;72;1.37;70.44;1.28;71.67;0;35.46723955;561.5599976
245;2024;12;12;7.43718;46.95168;572.4;11;55;7;SENSORDATA;1.57;70.5;1.74;71.91;1.46;70.37;1.28;71.65;0;35.46723955;561.5599976
246;2024;12;12;7.43718;46.95168;572.4;11;55;8;SENSORDATA;1.57;70.53;1.72;71.88;1.46;70.26;1.28;71.7;0;35.46723955;561.5599976
247;2024;12;12;7.43718;46.95168;572.4;11;55;10;SENSORDATA;1.59;70.5;1.74;71.85;1.41;70.28;1.21;71.64;0;35.46723955;561.5599976
248;2024;12;12;7.43718;46.95168;572.5;11;55;11;SENSORDATA;1.58;70.48;1.7;71.76;1.4;70.22;1.24;71.64;0;35.46723955;561.5599976
249;2024;12;12;7.43718;46.95168;572.5;11;55;12;SENSORDATA;1.59;70.49;1.71;71.76;1.4;70.27;1.25;71.69;0;35.46723955;561.5599976
250;2024;12;12;7.43718;46.95168;572.5;11;55;13;SENSORDATA;1.58;70.5;1.71;71.75;1.39;70.23;1.27;71.62;0;35.46723955;561.5599976
251;2024;12;12;7.43718;46.95168;572.5;11;55;15;SENSORDATA;1.59;70.47;1.71;71.75;1.4;70.22;1.27;71.63;0;35.46723955;561.5599976
252;2024;12;12;7.43718;46.95168;572.5;11;55;16;SENSORDATA;1.59;70.5;1.71;71.78;1.41;70.24;1.25;71.56;0;35.46723955;561.5599976
253;2024;12;12;7.43718;46.95168;572.5;11;55;17;SENSORDATA;1.58;70.47;1.71;71.77;1.37;70.16;1.29;71.62;0;35.46723955;561.5599976
254;2024;12;12;7.43718;46.95168;572.6;11;55;18;SENSORDATA;1.59;70.56;1.74;71.78;1.4;70.15;1.22;71.6;0;35.46723955;561.5599976
255;2024;12;12;7.43718;46.95168;572.6;11;55;19;SENSORDATA;1.57;70.53;1.71;71.78;1.36;70.11;1.27;71.62;0;35.46723955;561.5599976
256;2024;12;12;7.43718;46.95168;572.6;11;55;21;SENSORDATA;1.54;70.53;1.74;71.84;1.39;70.12;1.19;71.61;0;35.46723955;561.5599976
257;2024;12;12;7.43718;46.95168;572.6;11;55;22;SENSORDATA;1.57;70.56;1.7;71.83;1.41;70.09;1.19;71.57;0;35.46723955;561.5599976
258;2024;12;12;7.43718;46.95168;572.6;11;55;23;SENSORDATA;1.58;70.56;1.7;71.79;1.39;70.03;1.21;71.62;0;35.46723955;561.5599976
259;2024;12;12;7.43718;46.95168;572.6;11;55;24;SENSORDATA;1.57;70.58;1.7;71.8;1.41;70.09;1.27;71.59;0;35.46723955;561.5599976
260;2024;12;12;7.43718;46.95168;572.6;11;55;25;SENSORDATA;1.62;70.57;1.71;71.85;1.4;70.11;1.21;71.65;0;35.46723955;561.5599976
261;2024;12;12;7.43718;46.95168;572.6;11;55;27;SENSORDATA;1.59;70.66;1.71;71.92;1.41;70.04;1.24;71.62;0;35.46723955;561.5599976
262;2024;12;12;7.43717;46.95168;572.6;11;55;28;SENSORDATA;1.57;70.66;1.7;71.92;1.39;70.07;1.22;71.62;0.761153009;36.22839256;561.5200195
263;2024;12;12;7.43717;46.95168;572.6;11;55;29;SENSORDATA;1.57;70.72;1.74;71.96;1.41;70.07;1.24;71.62;0;36.22839256;561.5200195
264;2024;12;12;7.43717;46.95168;572.6;11;55;30;SENSORDATA;1.61;70.73;1.7;71.95;1.44;70.06;1.28;71.64;0;36.22839256;561.5200195
265;2024;12;12;7.43717;46.95168;572.6;11;55;32;SENSORDATA;1.57;70.77;1.71;72.05;1.41;70.09;1.22;71.67;0;36.22839256;561.5200195
266;2024;12;12;7.43717;46.95168;572.6;11;55;33;SENSORDATA;1.57;70.79;1.74;71.99;1.4;70.04;1.25;71.72;0;36.22839256;561.5200195
267;2024;12;12;7.43717;46.95168;572.6;11;55;34;SENSORDATA;1.58;70.74;1.71;71.96;1.37;70;1.25;71.75;0;36.22839256;561.5200195
268;2024;12;12;7.43717;46.95168;572.6;11;55;35;SENSORDATA;1.58;70.65;1.68;71.96;1.4;70.06;1.22;71.7;0;36.22839256;561.5200195
269;2024;12;12;7.43717;46.95168;572.6;11;55;36;SENSORDATA;1.61;70.65;1.71;71.89;1.34;70.03;1.22;71.74;0;36.22839256;561.5200195
270;2024;12;12;7.43717;46.95168;572.6;11;55;38;SENSORDATA;1.61;70.61;1.72;71.92;1.36;70.05;1.24;71.77;0;36.22839256;561.5200195
271;2024;12;12;7.43717;46.95168;572.6;11;55;39;SENSORDATA;1.57;70.58;1.72;71.91;1.36;70.05;1.19;71.77;0;36.22839256;561.5200195
272;2024;12;12;7.43717;46.95168;572.6;11;55;40;SENSORDATA;1.59;70.49;1.71;71.88;1.37;70.08;1.24;71.78;0;36.22839256;561.5200195
273;2024;12;12;7.43717;46.95168;572.6;11;55;41;SENSORDATA;1.58;70.5;1.7;71.89;1.4;70.1;1.21;71.84;0;36.22839256;561.5200195
274;2024;12;12;7.43717;46.95168;572.7;11;55;42;SENSORDATA;1.54;70.53;1.72;71.84;1.41;70.04;1.25;71.81;0;36.22839256;561.5200195
275;2024;12;12;7.43717;46.95168;572.7;11;55;44;SENSORDATA;1.54;70.35;1.67;71.82;1.34;70.06;1.22;71.82;0;36.22839256;561.5200195
276;2024;12;12;7.43718;46.95168;572.7;11;55;45;SENSORDATA;1.61;70.27;1.72;71.67;1.36;70.09;1.19;71.87;0.761153009;36.98954557;561.5599976
277;2024;12;12;7.43718;46.95168;572.7;11;55;46;SENSORDATA;1.59;70.13;1.65;71.57;1.37;70.07;1.22;71.85;0;36.98954557;561.5599976
278;2024;12;12;7.43718;46.95168;572.7;11;55;47;SENSORDATA;1.58;70.12;1.72;71.52;1.39;70.08;1.18;71.82;0;36.98954557;561.5599976
279;2024;12;12;7.43718;46.95168;572.7;11;55;48;SENSORDATA;1.57;70.03;1.67;71.45;1.33;70.07;1.22;71.85;0;36.98954557;561.5599976
280;2024;12;12;7.43718;46.95168;572.7;11;55;50;SENSORDATA;1.52;69.88;1.68;71.36;1.37;70.01;1.21;71.9;0;36.98954557;561.5599976
281;2024;12;12;7.43718;46.95168;572.7;11;55;51;SENSORDATA;1.55;69.86;1.68;71.31;1.39;70.1;1.19;71.85;0;36.98954557;561.5599976
282;2024;12;12;7.43718;46.95168;572.7;11;55;52;SENSORDATA;1.61;69.78;1.74;71.29;1.43;70.07;1.19;71.89;0;36.98954557;561.5599976
283;2024;12;12;7.43718;46.95168;572.7;11;55;53;SENSORDATA;1.58;69.69;1.67;71.19;1.41;70.09;1.22;71.87;0;36.98954557;561.5599976
284;2024;12;12;7.43718;46.95168;572.7;11;55;55;SENSORDATA;1.57;69.68;1.65;71.2;1.33;70.07;1.21;71.8;0;36.98954557;561.5599976
285;2024;12;12;7.43718;46.95168;572.7;11;55;56;SENSORDATA;1.54;69.59;1.64;71.08;1.36;70.03;1.17;71.84;0;36.98954557;561.5599976
286;2024;12;12;7.43718;46.95168;572.5;11;55;57;SENSORDATA;1.55;69.52;1.68;71.14;1.37;70.08;1.24;71.78;0;36.98954557;561.5599976
287;2024;12;12;7.43718;46.95168;572.4;11;55;58;SENSORDATA;1.58;69.51;1.67;71.09;1.37;70.06;1.25;71.8;0;36.98954557;561.5599976
288;2024;12;12;7.43718;46.95168;572.4;11;55;59;SENSORDATA;1.63;69.46;1.71;71.04;1.36;70.02;1.22;71.74;0;36.98954557;561.5599976
289;2024;12;12;7.43718;46.95168;572.4;11;56;1;SENSORDATA;1.59;69.44;1.72;71.07;1.36;70.04;1.21;71.64;0;36.98954557;561.5599976
290;2024;12;12;7.43719;46.95168;572.3;11;56;2;SENSORDATA;1.55;69.38;1.75;71.13;1.37;70.03;1.21;71.71;0.761153009;37.75069858;561.5800171
291;2024;12;12;7.4372;46.95168;572.1;11;56;3;SENSORDATA;1.57;69.46;1.64;71.2;1.37;70.02;1.24;71.71;0.761153009;38.51185159;561.5900269
292;2024;12;12;7.43721;46.95168;572.1;11;56;4;SENSORDATA;1.52;69.56;1.68;71.14;1.37;70.03;1.25;71.67;0.761153009;39.2730046;561.6300049
293;2024;12;12;7.43723;46.95168;571.2;11;56;5;SENSORDATA;1.57;69.49;1.68;71.17;1.32;70.07;1.22;71.64;1.522306018;40.79531061;561.6400146
294;2024;12;12;7.43724;46.95168;570.6;11;56;7;SENSORDATA;1.61;69.5;1.68;71.12;1.39;70.04;1.21;71.72;0.761153009;41.55646362;561.6599731
295;2024;12;12;7.43725;46.95167;570.2;11;56;8;SENSORDATA;1.57;69.45;1.67;71.19;1.37;69.98;1.21;71.72;1.347201537;42.90366516;561.6599731
296;2024;12;12;7.43726;46.95167;569.8;11;56;9;SENSORDATA;1.54;69.45;1.67;71.14;1.33;69.95;1.25;71.64;0.761153151;43.66481831;561.7000122
297;2024;12;12;7.43727;46.95167;569.7;11;56;10;SENSORDATA;1.54;69.43;1.7;71.12;1.36;69.94;1.25;71.67;0.761153151;44.42597146;561.7000122
298;2024;12;12;7.43729;46.95167;569.5;11;56;12;SENSORDATA;1.52;69.45;1.7;71.12;1.37;69.94;1.22;71.68;1.522306302;45.94827776;561.7399902
299;2024;12;12;7.4373;46.95167;569.7;11;56;13;SENSORDATA;1.58;69.45;1.67;71.07;1.29;69.91;1.27;71.59;0.761153151;46.70943091;561.7299805
300;2024;12;12;7.43731;46.95167;569.9;11;56;14;SENSORDATA;1.61;69.45;1.67;71.11;1.39;69.97;1.19;71.66;0.761153151;47.47058406;561.7299805
301;2024;12;12;7.43731;46.95167;569.9;11;56;15;SENSORDATA;1.59;69.55;1.67;71.14;1.34;69.89;1.24;71.65;0;47.47058406;561.7299805
302;2024;12;12;7.43731;46.95167;569.9;11;56;16;SENSORDATA;1.55;69.52;1.67;71.14;1.37;69.95;1.19;71.64;0;47.47058406;561.7299805
303;2024;12;12;7.43731;46.95167;569.9;11;56;18;SENSORDATA;1.58;69.61;1.68;71.3;1.34;69.99;1.24;71.63;0;47.47058406;561.7299805
304;2024;12;12;7.43732;46.95167;569.9;11;56;19;SENSORDATA;1.58;69.68;1.68;71.33;1.34;70.1;1.17;71.65;0.761153151;48.23173721;561.75
305;2024;12;12;7.43732;46.95167;569.9;11;56;20;SENSORDATA;1.57;69.71;1.68;71.4;1.37;70.11;1.24;71.67;0;48.23173721;561.75
306;2024;12;12;7.43732;46.95167;569.9;11;56;21;SENSORDATA;1.55;69.7;1.67;71.41;1.34;70.2;1.22;71.73;0;48.23173721;561.75
307;2024;12;12;7.43732;46.95168;569.5;11;56;22;SENSORDATA;1.55;69.74;1.72;71.52;1.36;70.28;1.17;71.8;1.111574545;49.34331176;561.75
308;2024;12;12;7.43731;46.95169;569.6;11;56;24;SENSORDATA;1.58;69.8;1.71;71.54;1.36;70.36;1.22;71.85;1.347201458;50.69051322;561.75
309;2024;12;12;7.4373;46.95169;569.7;11;56;25;SENSORDATA;1.59;69.76;1.67;71.51;1.32;70.42;1.19;71.91;0.761152867;51.45166608;561.7700195
310;2024;12;12;7.43729;46.9517;569.7;11;56;26;SENSORDATA;1.55;69.82;1.68;71.6;1.34;70.5;1.19;71.99;1.34720138;52.79886747;561.7800293
311;2024;12;12;7.43728;46.9517;569.8;11;56;27;SENSORDATA;1.57;69.79;1.68;71.57;1.34;70.59;1.21;72.05;0.761152725;53.56002019;561.7999878
312;2024;12;12;7.43726;46.95172;569.5;11;56;29;SENSORDATA;1.55;69.8;1.65;71.55;1.34;70.63;1.18;72.04;2.694402523;56.25442271;561.6099854
313;2024;12;12;7.43725;46.95172;569.1;11;56;30;SENSORDATA;1.58;69.81;1.67;71.58;1.33;70.68;1.19;72.01;0.761152442;57.01557516;561.6099854
314;2024;12;12;7.43724;46.95173;568.8;11;56;31;SENSORDATA;1.55;69.84;1.62;71.6;1.34;70.73;1.21;72.06;1.347201145;58.3627763;561.5800171
315;2024;12;12;7.43724;46.95173;568.4;11;56;32;SENSORDATA;1.59;69.81;1.68;71.64;1.36;70.81;1.21;72.09;0;58.3627763;561.5800171
316;2024;12;12;7.43723;46.95174;568.1;11;56;33;SENSORDATA;1.59;69.92;1.68;71.58;1.37;70.87;1.18;72.17;1.347201066;59.70997737;561.5700073
317;2024;12;12;7.43721;46.95175;567.2;11;56;35;SENSORDATA;1.55;69.85;1.7;71.61;1.3;70.95;1.18;72.19;1.884942439;61.5949198;561.5
318;2024;12;12;7.4372;46.95176;567;11;56;36;SENSORDATA;1.54;69.8;1.61;71.58;1.4;70.89;1.22;72.2;1.347200908;62.94212071;561.5599976
319;2024;12;12;7.43719;46.95177;566.8;11;56;37;SENSORDATA;1.55;69.81;1.67;71.56;1.34;70.97;1.15;72.25;1.34720083;64.28932154;561.5999756
320;2024;12;12;7.43718;46.95177;566.6;11;56;38;SENSORDATA;1.54;69.74;1.65;71.55;1.36;71.02;1.18;72.24;0.761151733;65.05047328;561.5300293
321;2024;12;12;7.43717;46.95178;566.2;11;56;39;SENSORDATA;1.54;69.75;1.68;71.46;1.29;71.02;1.19;72.29;1.347200751;66.39767403;561.5200195
322;2024;12;12;7.43716;46.95179;565.6;11;56;41;SENSORDATA;1.54;69.71;1.67;71.53;1.3;70.97;1.18;72.34;1.347200674;67.7448747;561.4400024
323;2024;12;12;7.43715;46.9518;565.8;11;56;42;SENSORDATA;1.55;69.75;1.64;71.5;1.36;71.01;1.19;72.4;1.347200595;69.0920753;561.4000244
324;2024;12;12;7.43714;46.9518;565.8;11;56;43;SENSORDATA;1.55;69.65;1.68;71.47;1.33;71.08;1.24;72.46;0.761151308;69.8532266;561.4699707
325;2024;12;12;7.43713;46.95181;565.9;11;56;44;SENSORDATA;1.54;69.69;1.67;71.55;1.34;71.09;1.22;72.53;1.347200516;71.20042712;561.4400024
326;2024;12;12;7.43711;46.95182;565.8;11;56;46;SENSORDATA;1.52;69.63;1.67;71.51;1.32;71.15;1.17;72.56;1.884940844;73.08536796;561.25
327;2024;12;12;7.4371;46.95182;565.7;11;56;47;SENSORDATA;1.54;69.72;1.64;71.53;1.32;71.15;1.21;72.54;0.761151024;73.84651899;561.25
328;2024;12;12;7.43709;46.95183;565.7;11;56;48;SENSORDATA;1.57;69.67;1.61;71.52;1.33;71.16;1.15;72.57;1.347200359;75.19371935;561.3200073
329;2024;12;12;7.43708;46.95183;565.8;11;56;49;SENSORDATA;1.52;69.62;1.62;71.5;1.36;71.13;1.22;72.65;0.761150882;75.95487023;561.2800293
330;2024;12;12;7.43707;46.95183;566;11;56;50;SENSORDATA;1.57;69.65;1.67;71.49;1.3;71.12;1.14;72.59;0.761150882;76.71602111;561.2700195
331;2024;12;12;7.43706;46.95185;566;11;56;52;SENSORDATA;1.55;69.6;1.6;71.47;1.32;71.09;1.19;72.57;2.349838848;79.06585996;561.2299805
332;2024;12;12;7.43705;46.95185;566;11;56;53;SENSORDATA;1.49;69.54;1.62;71.44;1.29;71.13;1.14;72.58;0.761150599;79.82701056;561.2399902
333;2024;12;12;7.43704;46.95186;566;11;56;54;SENSORDATA;1.54;69.55;1.58;71.42;1.32;71.06;1.14;72.61;1.347200124;81.17421068;561.2800293
334;2024;12;12;7.43703;46.95186;566;11;56;55;SENSORDATA;1.51;69.51;1.61;71.42;1.32;71.12;1.17;72.56;0.761150457;81.93536114;561.25
335;2024;12;12;7.43702;46.95187;566;11;56;56;SENSORDATA;1.52;69.49;1.58;71.4;1.27;71.13;1.17;72.54;1.347200045;83.28256118;561.1500244
336;2024;12;12;7.43701;46.95188;566.1;11;56;58;SENSORDATA;1.51;69.46;1.61;71.4;1.29;71.08;1.18;72.6;1.347199967;84.62976115;561.1400146
337;2024;12;12;7.437;46.95189;566.1;11;56;59;SENSORDATA;1.47;69.49;1.64;71.36;1.3;71.1;1.18;72.53;1.347199888;85.97696104;561.1199951
338;2024;12;12;7.437;46.9519;566.3;11;57;0;SENSORDATA;1.48;69.46;1.6;71.36;1.3;71;1.17;72.55;1.111574587;87.08853563;561.0800171
339;2024;12;12;7.43699;46.9519;566.4;11;57;1;SENSORDATA;1.47;69.5;1.58;71.34;1.29;70.95;1.15;72.52;0.76114989;87.84968552;561.0999756
340;2024;12;12;7.43698;46.95191;566.4;11;57;3;SENSORDATA;1.47;69.42;1.58;71.35;1.34;70.93;1.12;72.48;1.34719973;89.19688525;561.039978
341;2024;12;12;7.43697;46.95192;566.3;11;57;4;SENSORDATA;1.52;69.39;1.58;71.3;1.27;70.96;1.15;72.41;1.347199653;90.5440849;560.9500122
342;2024;12;12;7.43696;46.95192;566.2;11;57;5;SENSORDATA;1.49;69.42;1.61;71.29;1.29;70.89;1.14;72.48;0.761149606;91.3052345;560.960022
343;2024;12;12;7.43696;46.95193;566.2;11;57;6;SENSORDATA;1.45;69.4;1.58;71.26;1.24;70.95;1.12;72.44;1.111574593;92.4168091;560.8900146
344;2024;12;12;7.43695;46.95193;566.2;11;57;7;SENSORDATA;1.48;69.44;1.61;71.31;1.27;70.88;1.12;72.44;0.761149465;93.17795856;560.9699707
345;2024;12;12;7.43693;46.95195;566.1;11;57;9;SENSORDATA;1.49;69.37;1.6;71.24;1.29;70.86;1.17;72.51;2.694398913;95.87235748;560.8499756
346;2024;12;12;7.43692;46.95195;566;11;57;10;SENSORDATA;1.52;69.33;1.55;71.28;1.32;70.9;1.11;72.53;0.761149181;96.63350666;560.8499756
347;2024;12;12;7.43692;46.95196;565.7;11;57;11;SENSORDATA;1.49;69.44;1.58;71.26;1.29;70.96;1.18;72.54;1.1115746;97.74508126;560.7999878
348;2024;12;12;7.43691;46.95196;565.4;11;57;12;SENSORDATA;1.48;69.38;1.57;71.3;1.3;71.02;1.17;72.66;0.761149039;98.5062303;560.7600098
349;2024;12;12;7.4369;46.95197;565.2;11;57;13;SENSORDATA;1.49;69.46;1.54;71.34;1.29;71.07;1.15;72.69;1.34719926;99.85342956;560.7999878
350;2024;12;12;7.43688;46.95199;565.4;11;57;15;SENSORDATA;1.45;69.5;1.58;71.38;1.29;71.16;1.19;72.84;2.694398284;102.5478278;560.7399902
351;2024;12;12;7.43687;46.95199;565.3;11;57;16;SENSORDATA;1.49;69.57;1.6;71.43;1.27;71.24;1.15;72.82;0.761148614;103.3089765;560.7000122
352;2024;12;12;7.43686;46.952;565.3;11;57;17;SENSORDATA;1.47;69.58;1.55;71.41;1.29;71.2;1.18;72.86;1.347199025;104.6561755;560.7199707
353;2024;12;12;7.43684;46.95201;565.1;11;57;18;SENSORDATA;1.45;69.65;1.55;71.45;1.26;71.21;1.15;72.88;1.884936516;106.541112;560.7000122
354;2024;12;12;7.43683;46.95201;565;11;57;20;SENSORDATA;1.48;69.55;1.57;71.41;1.29;71.15;1.18;72.88;0.76114833;107.3022603;560.6599731
355;2024;12;12;7.43681;46.95203;564.4;11;57;21;SENSORDATA;1.49;69.52;1.6;71.4;1.27;71.19;1.18;72.89;2.694397656;109.996658;560.6099854
356;2024;12;12;7.4368;46.95203;564.1;11;57;22;SENSORDATA;1.44;69.54;1.57;71.37;1.29;71.17;1.18;72.83;0.761148047;110.757806;560.5999756
357;2024;12;12;7.43679;46.95204;563.6;11;57;23;SENSORDATA;1.49;69.47;1.58;71.37;1.29;71.16;1.18;72.8;1.347198711;112.1050047;560.5800171
358;2024;12;12;7.43678;46.95204;563.3;11;57;24;SENSORDATA;1.45;69.51;1.54;71.31;1.3;71.09;1.15;72.78;0.761147905;112.8661526;560.539978
359;2024;12;12;7.43677;46.95205;563;11;57;26;SENSORDATA;1.42;69.49;1.6;71.31;1.29;71.11;1.15;72.77;1.347198632;114.2133513;560.5499878
360;2024;12;12;7.43675;46.95207;562.7;11;57;27;SENSORDATA;1.49;69.42;1.6;71.24;1.27;71.06;1.17;72.78;2.694397028;116.9077483;560.4500122
361;2024;12;12;7.43674;46.95207;562.8;11;57;28;SENSORDATA;1.41;69.44;1.55;71.24;1.29;71.18;1.12;72.82;0.76114748;117.6688958;560.4899902
362;2024;12;12;7.43673;46.95208;562.7;11;57;29;SENSORDATA;1.44;69.42;1.57;71.24;1.3;71.16;1.18;72.83;1.347198396;119.0160942;560.539978
363;2024;12;12;7.43672;46.95209;562.6;11;57;30;SENSORDATA;1.45;69.46;1.57;71.29;1.32;71.27;1.17;72.92;1.347198319;120.3632925;560.5300293
364;2024;12;12;7.43669;46.9521;562.3;11;57;32;SENSORDATA;1.44;69.5;1.55;71.38;1.3;71.34;1.18;72.94;2.539626483;122.902919;560.4500122
365;2024;12;12;7.43668;46.95211;562.2;11;57;33;SENSORDATA;1.41;69.56;1.55;71.44;1.26;71.35;1.14;72.93;1.34719816;124.2501171;560.4099731
366;2024;12;12;7.43667;46.95211;562.1;11;57;34;SENSORDATA;1.44;69.64;1.54;71.44;1.32;71.36;1.11;72.82;0.761146913;125.0112641;560.4099731
367;2024;12;12;7.43666;46.95212;562.1;11;57;35;SENSORDATA;1.41;69.69;1.55;71.44;1.29;71.31;1.11;72.82;1.347198082;126.3584621;560.460022
368;2024;12;12;7.43665;46.95212;562;11;57;37;SENSORDATA;1.48;69.67;1.54;71.49;1.24;71.26;1.14;72.82;0.761146771;127.1196089;560.4099731
369;2024;12;12;7.43663;46.95214;561.3;11;57;38;SENSORDATA;1.44;69.63;1.53;71.45;1.26;71.24;1.12;72.76;2.69439593;129.8140048;560.3900146
370;2024;12;12;7.43662;46.95214;560.9;11;57;39;SENSORDATA;1.41;69.57;1.53;71.42;1.26;71.2;1.14;72.68;0.761146487;130.5751513;560.3699951
371;2024;12;12;7.43661;46.95215;560.1;11;57;40;SENSORDATA;1.49;69.64;1.54;71.36;1.27;71.12;1.17;72.66;1.347197847;131.9223492;560.3800049
372;2024;12;12;7.43661;46.95215;559.3;11;57;41;SENSORDATA;1.45;69.56;1.51;71.41;1.2;71.07;1.11;72.65;0;131.9223492;560.3800049
373;2024;12;12;7.43659;46.95216;558.8;11;57;43;SENSORDATA;1.44;69.51;1.57;71.34;1.23;71.05;1.11;72.59;1.884933097;133.8072823;560.3499756
374;2024;12;12;7.43657;46.95217;558.1;11;57;44;SENSORDATA;1.39;69.5;1.5;71.35;1.22;71.03;1.14;72.61;1.88493287;135.6922151;560.3300171
375;2024;12;12;7.43656;46.95217;557.8;11;57;45;SENSORDATA;1.42;69.48;1.57;71.26;1.23;71.07;1.14;72.61;0.761146062;136.4533612;560.2800293
376;2024;12;12;7.43655;46.95218;557.7;11;57;46;SENSORDATA;1.47;69.42;1.51;71.24;1.24;70.98;1.09;72.57;1.347197611;137.8005588;560.2700195
377;2024;12;12;7.43653;46.95219;557.7;11;57;47;SENSORDATA;1.45;69.48;1.51;71.24;1.23;70.95;1.11;72.54;1.884932414;139.6854912;560.2399902
378;2024;12;12;7.43651;46.9522;557.7;11;57;49;SENSORDATA;1.39;69.5;1.53;71.35;1.24;70.94;1.11;72.47;1.884932186;141.5704234;560.1900024
379;2024;12;12;7.4365;46.95221;558.2;11;57;50;SENSORDATA;1.39;69.52;1.53;71.25;1.26;70.96;1.12;72.55;1.347197376;142.9176208;560.1900024
380;2024;12;12;7.43649;46.95222;558.3;11;57;51;SENSORDATA;1.41;69.57;1.51;71.34;1.18;70.87;1.17;72.44;1.347197298;144.2648181;560.1799927
381;2024;12;12;7.43648;46.95222;558.3;11;57;52;SENSORDATA;1.42;69.65;1.5;71.27;1.23;70.93;1.11;72.46;0.761145353;145.0259634;560.1900024
382;2024;12;12;7.43648;46.95222;558.3;11;57;54;SENSORDATA;1.39;69.73;1.51;71.34;1.26;70.89;1.11;72.42;0;145.0259634;560.1900024
383;2024;12;12;7.43644;46.95224;557.5;11;57;55;SENSORDATA;1.44;69.73;1.47;71.34;1.29;70.92;1.09;72.39;3.769862778;148.7958262;560.1199951
384;2024;12;12;7.43643;46.95224;557.3;11;57;56;SENSORDATA;1.41;69.72;1.53;71.39;1.24;70.89;1.07;72.41;0.76114507;149.5569713;560.1599731
385;2024;12;12;7.43641;46.95225;557.1;11;57;57;SENSORDATA;1.39;69.78;1.49;71.32;1.24;70.9;1.11;72.42;1.884931046;151.4419023;560.1099854
386;2024;12;12;7.4364;46.95225;557;11;57;58;SENSORDATA;1.42;69.81;1.49;71.39;1.23;70.84;1.11;72.51;0.761144928;152.2030473;560.1199951
387;2024;12;12;7.43639;46.95226;556.8;11;58;0;SENSORDATA;1.41;69.82;1.47;71.33;1.26;70.89;1.14;72.56;1.347196984;153.5502442;560.1099854
388;2024;12;12;7.43637;46.95227;556.5;11;58;1;SENSORDATA;1.45;69.78;1.44;71.32;1.27;70.89;1.09;72.55;1.88493059;155.4351748;560.0800171
389;2024;12;12;7.43635;46.95227;556.5;11;58;2;SENSORDATA;1.42;69.82;1.5;71.43;1.26;70.89;1.11;72.56;1.522289288;156.9574641;560.2299805
390;2024;12;12;7.43634;46.95228;556.6;11;58;3;SENSORDATA;1.37;69.81;1.47;71.36;1.24;70.95;1.09;72.6;1.347196827;158.304661;560.1300049
391;2024;12;12;7.43633;46.95229;556.6;11;58;4;SENSORDATA;1.41;69.82;1.44;71.39;1.24;70.96;1.11;72.58;1.347196746;159.6518577;560.0599976
392;2024;12;12;7.43631;46.9523;556.6;11;58;6;SENSORDATA;1.39;69.77;1.46;71.36;1.27;70.97;1.12;72.64;1.884929908;161.5367876;560.0100098
393;2024;12;12;7.43629;46.95231;556.5;11;58;7;SENSORDATA;1.39;69.75;1.46;71.42;1.22;70.98;1.17;72.62;1.88492968;163.4217173;560.0499878
394;2024;12;12;7.43627;46.95231;556.5;11;58;8;SENSORDATA;1.39;69.72;1.44;71.44;1.26;70.99;1.12;72.62;1.522288154;164.9440054;560.0300293
395;2024;12;12;7.43626;46.95232;556.6;11;58;9;SENSORDATA;1.41;69.75;1.44;71.33;1.23;70.98;1.11;72.63;1.347196513;166.291202;559.9799805
396;2024;12;12;7.43625;46.95233;556.7;11;58;11;SENSORDATA;1.41;69.73;1.49;71.42;1.24;70.95;1.08;72.6;1.347196435;167.6383984;559.9500122
397;2024;12;12;7.43625;46.95234;556.9;11;58;12;SENSORDATA;1.39;69.7;1.47;71.43;1.22;70.96;1.14;72.66;1.111574673;168.7499731;559.9000244
398;2024;12;12;7.43624;46.95235;557.4;11;58;13;SENSORDATA;1.34;69.67;1.47;71.4;1.22;70.9;1.09;72.59;1.347196279;170.0971693;559.8800049
399;2024;12;12;7.43623;46.95237;557.8;11;58;14;SENSORDATA;1.39;69.65;1.47;71.35;1.22;70.98;1.09;72.61;2.34983665;172.447006;559.8800049
400;2024;12;12;7.43623;46.95237;557.8;11;58;15;SENSORDATA;1.35;69.61;1.44;71.37;1.24;71.02;1.09;72.59;0;172.447006;559.8800049
401;2024;12;12;7.43623;46.95237;557.8;11;58;17;SENSORDATA;1.38;69.66;1.5;71.43;1.23;70.93;1.08;72.58;0;172.447006;559.8800049
402;2024;12;12;7.43622;46.95237;557.2;11;58;18;SENSORDATA;1.35;69.56;1.47;71.41;1.22;70.9;1.12;72.54;0.761143227;173.2081492;559.8499756
403;2024;12;12;7.43621;46.95238;556.4;11;58;19;SENSORDATA;1.41;69.61;1.49;71.4;1.22;70.92;1.15;72.55;1.347196041;174.5553453;559.8800049
404;2024;12;12;7.4362;46.95238;555.8;11;58;20;SENSORDATA;1.39;69.66;1.47;71.31;1.2;70.92;1.08;72.54;0.761143085;175.3164883;559.8300171
405;2024;12;12;7.43619;46.95238;554.8;11;58;21;SENSORDATA;1.37;69.54;1.46;71.33;1.2;70.87;1.09;72.52;0.761143085;176.0776314;559.8300171
406;2024;12;12;7.43618;46.95239;554.2;11;58;23;SENSORDATA;1.37;69.59;1.46;71.33;1.26;70.9;1.12;72.53;1.347195964;177.4248274;559.8099976
407;2024;12;12;7.43616;46.9524;552.8;11;58;24;SENSORDATA;1.37;69.58;1.47;71.31;1.26;70.91;1.12;72.53;1.884927629;179.309755;559.789978
408;2024;12;12;7.43615;46.9524;552.3;11;58;25;SENSORDATA;1.37;69.56;1.46;71.38;1.2;70.87;1.07;72.55;0.761142801;180.0708978;559.7700195
409;2024;12;12;7.43614;46.95241;551.4;11;58;26;SENSORDATA;1.37;69.52;1.44;71.34;1.2;70.89;1.12;72.54;1.347195806;181.4180936;559.7700195
410;2024;12;12;7.43612;46.95241;550.9;11;58;28;SENSORDATA;1.35;69.56;1.47;71.37;1.22;70.91;1.12;72.53;1.522285319;182.9403789;559.7600098
411;2024;12;12;7.43611;46.95242;550.5;11;58;29;SENSORDATA;1.34;69.62;1.44;71.35;1.24;70.93;1.07;72.57;1.347195726;184.2875747;559.7399902
412;2024;12;12;7.43608;46.95242;549.9;11;58;30;SENSORDATA;1.41;69.58;1.49;71.37;1.2;70.97;1.07;72.45;2.283427553;186.5710022;559.7999878
413;2024;12;12;7.43607;46.95243;549;11;58;31;SENSORDATA;1.34;69.6;1.47;71.32;1.24;70.96;1.09;72.46;1.347195648;187.9181979;559.7199707
414;2024;12;12;7.43606;46.95243;548.3;11;58;32;SENSORDATA;1.37;69.54;1.47;71.4;1.23;70.88;1.12;72.48;0.761142376;188.6793402;559.75
415;2024;12;12;7.43605;46.95243;547.7;11;58;34;SENSORDATA;1.35;69.63;1.47;71.45;1.26;70.89;1.04;72.42;0.761142376;189.4404826;559.7700195
416;2024;12;12;7.43602;46.95244;547.4;11;58;35;SENSORDATA;1.39;69.57;1.47;71.38;1.2;70.84;1.04;72.47;2.53961351;191.9800961;559.8800049
417;2024;12;12;7.43601;46.95245;546.8;11;58;36;SENSORDATA;1.35;69.55;1.47;71.41;1.19;70.88;1.14;72.43;1.347195492;193.3272916;559.9699707
418;2024;12;12;7.436;46.95246;546.6;11;58;37;SENSORDATA;1.38;69.65;1.42;71.38;1.2;70.9;1.09;72.42;1.347195413;194.674487;559.8900146
419;2024;12;12;7.43599;46.95246;546.4;11;58;38;SENSORDATA;1.31;69.6;1.49;71.42;1.2;70.82;1.11;72.33;0.76114195;195.435629;559.9299927
420;2024;12;12;7.43598;46.95247;546.3;11;58;40;SENSORDATA;1.37;69.59;1.49;71.37;1.19;70.78;1.04;72.45;1.347195335;196.7828243;559.9099731
421;2024;12;12;7.43596;46.95248;545.7;11;58;41;SENSORDATA;1.38;69.55;1.43;71.39;1.22;70.83;1.07;72.34;1.884925806;198.6677501;559.8200073
422;2024;12;12;7.43595;46.95248;545.1;11;58;42;SENSORDATA;1.34;69.5;1.43;71.4;1.2;70.77;1.08;72.4;0.761141667;199.4288918;559.8300171
423;2024;12;12;7.43594;46.95249;545;11;58;43;SENSORDATA;1.35;69.6;1.44;71.35;1.22;70.8;1.11;72.39;1.347195178;200.776087;559.8200073
424;2024;12;12;7.43593;46.95249;544.5;11;58;45;SENSORDATA;1.32;69.51;1.49;71.38;1.23;70.85;1;72.39;0.761141525;201.5372285;559.8099976
425;2024;12;12;7.43591;46.95249;544.1;11;58;46;SENSORDATA;1.34;69.54;1.42;71.38;1.23;70.86;1.07;72.44;1.52228305;203.0595115;559.8800049
426;2024;12;12;7.43589;46.9525;544.9;11;58;47;SENSORDATA;1.38;69.48;1.44;71.35;1.26;70.87;1.05;72.38;1.88492535;204.9444369;559.8599854
427;2024;12;12;7.43588;46.9525;544.9;11;58;48;SENSORDATA;1.39;69.48;1.46;71.37;1.26;70.87;1.09;72.49;0.761141383;205.7055783;559.8099976
428;2024;12;12;7.43587;46.9525;544.7;11;58;49;SENSORDATA;1.34;69.48;1.42;71.4;1.22;70.89;1.11;72.43;0.761141383;206.4667197;559.8499756
429;2024;12;12;7.43586;46.95251;544.7;11;58;51;SENSORDATA;1.38;69.53;1.47;71.4;1.23;70.88;1.05;72.47;1.347195021;207.8139147;559.8499756
430;2024;12;12;7.43584;46.95251;544.7;11;58;52;SENSORDATA;1.35;69.53;1.44;71.43;1.22;70.9;1.04;72.38;1.522282483;209.3361972;559.9000244
431;2024;12;12;7.43582;46.95252;544.9;11;58;53;SENSORDATA;1.38;69.52;1.44;71.42;1.22;70.87;1.08;72.49;1.884924895;211.2211221;559.8599854
432;2024;12;12;7.43581;46.95252;545;11;58;54;SENSORDATA;1.3;69.52;1.46;71.46;1.19;70.88;1.09;72.44;0.7611411;211.9822632;559.8599854
433;2024;12;12;7.4358;46.95253;545.1;11;58;55;SENSORDATA;1.35;69.59;1.46;71.4;1.2;70.88;1.09;72.48;1.347194864;213.329458;559.8300171
434;2024;12;12;7.43579;46.95253;544.9;11;58;57;SENSORDATA;1.34;69.56;1.46;71.37;1.22;70.83;1.09;72.44;0.761140958;214.090599;559.8300171
435;2024;12;12;7.43576;46.95253;544.1;11;58;58;SENSORDATA;1.34;69.54;1.44;71.43;1.22;70.88;1.05;72.38;2.283422874;216.3740219;559.8499756
436;2024;12;12;7.43574;46.95253;543.3;11;58;59;SENSORDATA;1.37;69.59;1.44;71.42;1.22;70.86;1.08;72.45;1.522281916;217.8963038;559.789978
437;2024;12;12;7.43572;46.95253;542.7;11;59;0;SENSORDATA;1.41;69.54;1.4;71.35;1.22;70.81;1.05;72.37;1.522281916;219.4185857;559.7700195
438;2024;12;12;7.43571;46.95253;542;11;59;2;SENSORDATA;1.35;69.52;1.44;71.42;1.2;70.76;1.09;72.38;0.761140958;220.1797267;559.7600098
439;2024;12;12;7.4357;46.95253;542.3;11;59;3;SENSORDATA;1.39;69.52;1.44;71.43;1.24;70.8;1.07;72.43;0.761140958;220.9408676;559.7600098
440;2024;12;12;7.43569;46.95253;542.9;11;59;4;SENSORDATA;1.37;69.53;1.49;71.48;1.27;70.77;1.05;72.39;0.761140958;221.7020086;559.75
441;2024;12;12;7.43568;46.95253;542.2;11;59;5;SENSORDATA;1.35;69.48;1.43;71.48;1.22;70.8;1.05;72.39;0.761140958;222.4631495;559.75
442;2024;12;12;7.43567;46.95253;541.9;11;59;6;SENSORDATA;1.34;69.53;1.44;71.41;1.23;70.79;1.12;72.41;0.761140958;223.2242905;559.75
443;2024;12;12;7.43566;46.95254;541.4;11;59;8;SENSORDATA;1.37;69.5;1.43;71.46;1.2;70.82;1.09;72.41;1.347194785;224.5714853;559.7199707
444;2024;12;12;7.43565;46.95254;541.5;11;59;9;SENSORDATA;1.39;69.5;1.46;71.49;1.2;70.82;1.07;72.42;0.761140816;225.3326261;559.7199707
445;2024;12;12;7.43563;46.95254;542.1;11;59;10;SENSORDATA;1.38;69.51;1.42;71.46;1.24;70.82;1.11;72.46;1.522281633;226.8549077;559.7199707
446;2024;12;12;7.43562;46.95254;542.7;11;59;11;SENSORDATA;1.39;69.59;1.43;71.48;1.23;70.87;1.09;72.47;0.761140816;227.6160485;559.7199707
447;2024;12;12;7.4356;46.95254;543.1;11;59;12;SENSORDATA;1.38;69.52;1.44;71.45;1.24;70.89;1.14;72.49;1.522281633;229.1383302;559.7399902
448;2024;12;12;7.43559;46.95253;543.5;11;59;14;SENSORDATA;1.34;69.57;1.46;71.49;1.32;70.93;1.14;72.49;1.347194785;230.4855249;559.7299805
449;2024;12;12;7.43557;46.95253;543.7;11;59;15;SENSORDATA;1.34;69.61;1.43;71.5;1.23;70.86;1.12;72.47;1.522281916;232.0078069;559.7399902
450;2024;12;12;7.43556;46.95252;544.3;11;59;16;SENSORDATA;1.38;69.56;1.44;71.49;1.26;70.86;1.12;72.44;1.347194865;233.3550017;559.7399902
451;2024;12;12;7.43555;46.95253;544.6;11;59;17;SENSORDATA;1.37;69.63;1.46;71.54;1.27;70.86;1.11;72.48;1.347194864;234.7021966;559.7600098
452;2024;12;12;7.43554;46.95253;545;11;59;19;SENSORDATA;1.41;69.62;1.47;71.49;1.32;70.88;1.08;72.41;0.761140958;235.4633376;559.7600098
453;2024;12;12;7.43554;46.95253;545.4;11;59;20;SENSORDATA;1.38;69.55;1.42;71.49;1.23;70.78;1.09;72.38;0;235.4633376;559.7600098
454;2024;12;12;7.43552;46.95253;545.8;11;59;21;SENSORDATA;1.32;69.53;1.49;71.52;1.3;70.79;1.11;72.44;1.522281916;236.9856195;559.75
455;2024;12;12;7.43551;46.95253;546.1;11;59;22;SENSORDATA;1.41;69.55;1.46;71.51;1.26;70.73;1.08;72.44;0.761140958;237.7467604;559.7600098
456;2024;12;12;7.4355;46.95253;546.3;11;59;23;SENSORDATA;1.38;69.48;1.46;71.42;1.3;70.73;1.09;72.38;0.761140958;238.5079014;559.7600098
457;2024;12;12;7.43549;46.95252;546.4;11;59;25;SENSORDATA;1.38;69.45;1.43;71.45;1.27;70.71;1.12;72.36;1.347194865;239.8550962;559.6900024
458;2024;12;12;7.43547;46.95252;546.4;11;59;26;SENSORDATA;1.38;69.48;1.43;71.43;1.23;70.66;1.09;72.42;1.5222822;241.3773784;559.3599854
459;2024;12;12;7.43545;46.95251;546.1;11;59;27;SENSORDATA;1.39;69.47;1.46;71.39;1.24;70.71;1.08;72.38;1.884924895;243.2623033;559.289978
460;2024;12;12;7.43544;46.9525;546;11;59;28;SENSORDATA;1.37;69.46;1.44;71.37;1.22;70.66;1.09;72.4;1.347195021;244.6094984;559.3200073
461;2024;12;12;7.43543;46.9525;545.9;11;59;29;SENSORDATA;1.35;69.45;1.43;71.41;1.23;70.61;1.12;72.36;0.761141383;245.3706397;559.3099976
462;2024;12;12;7.43541;46.95249;546;11;59;31;SENSORDATA;1.39;69.39;1.39;71.38;1.24;70.66;1.12;72.34;1.88492535;247.2555651;559.4299927
463;2024;12;12;7.43541;46.95249;546.2;11;59;32;SENSORDATA;1.35;69.48;1.46;71.39;1.29;70.68;1.09;72.37;0;247.2555651;559.4299927
464;2024;12;12;7.43538;46.95247;546.4;11;59;33;SENSORDATA;1.32;69.47;1.43;71.38;1.2;70.65;1.11;72.41;3.186914339;250.4424794;559.4500122
465;2024;12;12;7.43537;46.95246;546.7;11;59;34;SENSORDATA;1.39;69.52;1.46;71.39;1.26;70.66;1.12;72.43;1.347195335;251.7896748;559.4699707
466;2024;12;12;7.43536;46.95245;546.9;11;59;36;SENSORDATA;1.37;69.41;1.43;71.48;1.23;70.67;1.08;72.45;1.347195413;253.1368702;559.4299927
467;2024;12;12;7.43534;46.95244;547.1;11;59;37;SENSORDATA;1.41;69.55;1.46;71.38;1.27;70.7;1.09;72.41;1.884926489;255.0217967;559.3900146
468;2024;12;12;7.43533;46.95243;547.2;11;59;38;SENSORDATA;1.39;69.46;1.46;71.36;1.2;70.63;1.11;72.37;1.347195572;256.3689922;559.3800049
469;2024;12;12;7.43531;46.95241;547.2;11;59;39;SENSORDATA;1.37;69.47;1.47;71.4;1.18;70.61;1.09;72.37;2.694391377;259.0633836;559.3400269
470;2024;12;12;7.43529;46.9524;547.3;11;59;40;SENSORDATA;1.37;69.46;1.46;71.45;1.22;70.66;1.12;72.36;1.884927401;260.948311;559.4500122
471;2024;12;12;7.43528;46.95239;547.3;11;59;42;SENSORDATA;1.38;69.51;1.34;71.37;1.22;70.66;1.12;72.35;1.347195884;262.2955069;559.5100098
472;2024;12;12;7.43527;46.95238;547.3;11;59;43;SENSORDATA;1.35;69.52;1.42;71.38;1.2;70.63;1.11;72.33;1.347195964;263.6427029;559.5200195
473;2024;12;12;7.43526;46.95238;547.5;11;59;44;SENSORDATA;1.35;69.47;1.44;71.43;1.19;70.66;1.12;72.29;0.761143085;264.403846;559.6500244
474;2024;12;12;7.43525;46.95237;547.7;11;59;45;SENSORDATA;1.34;69.49;1.43;71.41;1.16;70.65;1.08;72.34;1.347196042;265.751042;559.6099854
475;2024;12;12;7.43524;46.95237;547.9;11;59;46;SENSORDATA;1.35;69.42;1.42;71.36;1.22;70.68;1.08;72.35;0.761143226;266.5121852;559.6099854
476;2024;12;12;7.43523;46.95236;547.7;11;59;48;SENSORDATA;1.38;69.48;1.39;71.39;1.24;70.7;1.11;72.32;1.34719612;267.8593813;559.5499878
477;2024;12;12;7.43523;46.95235;547.5;11;59;49;SENSORDATA;1.35;69.44;1.36;71.34;1.2;70.67;1.08;72.32;1.111574677;268.970956;559.5900269
478;2024;12;12;7.43521;46.95233;547.5;11;59;50;SENSORDATA;1.37;69.44;1.36;71.34;1.27;70.69;1.15;72.38;2.694392633;271.6653487;559.5100098
479;2024;12;12;7.4352;46.95232;547.6;11;59;51;SENSORDATA;1.38;69.39;1.39;71.33;1.23;70.71;1.15;72.32;1.347196435;273.0125451;559.5
480;2024;12;12;7.4352;46.95231;547.7;11;59;53;SENSORDATA;1.35;69.41;1.39;71.36;1.2;70.63;1.11;72.38;1.111574669;274.1241198;559.5300293
481;2024;12;12;7.43519;46.9523;547.9;11;59;54;SENSORDATA;1.32;69.34;1.4;71.36;1.29;70.7;1.09;72.36;1.347196591;275.4713163;559.4799805
482;2024;12;12;7.43518;46.95229;548.1;11;59;55;SENSORDATA;1.32;69.33;1.39;71.35;1.2;70.63;1.11;72.36;1.347196671;276.818513;559.460022
483;2024;12;12;7.43517;46.95227;548.6;11;59;56;SENSORDATA;1.39;69.33;1.44;71.34;1.22;70.66;1.14;72.33;2.349836988;279.16835;559.5900269
484;2024;12;12;7.43516;46.95226;548.4;11;59;57;SENSORDATA;1.35;69.32;1.46;71.35;1.23;70.69;1.09;72.35;1.347196904;280.5155469;559.5999756
485;2024;12;12;7.43515;46.95225;548.2;11;59;59;SENSORDATA;1.38;69.32;1.42;71.34;1.19;70.64;1.11;72.37;1.347196984;281.8627439;559.5999756
486;2024;12;12;7.43515;46.95224;548.1;12;0;0;SENSORDATA;1.39;69.28;1.39;71.33;1.23;70.68;1.08;72.35;1.111574655;282.9743186;559.6199951
487;2024;12;12;7.43515;46.95223;547.7;12;0;1;SENSORDATA;1.35;69.25;1.4;71.27;1.23;70.66;1.17;72.34;1.111574654;284.0858932;559.6400146
488;2024;12;12;7.43514;46.95223;548.2;12;0;2;SENSORDATA;1.35;69.28;1.4;71.31;1.29;70.67;1.14;72.34;0.761145211;284.8470384;559.6300049
489;2024;12;12;7.43514;46.95223;548.3;12;0;3;SENSORDATA;1.39;69.29;1.39;71.27;1.27;70.71;1.11;72.37;0;284.8470384;559.6300049
490;2024;12;12;7.43514;46.95222;548.6;12;0;5;SENSORDATA;1.37;69.33;1.37;71.34;1.26;70.68;1.15;72.44;1.111574652;285.9586131;559.6599731
491;2024;12;12;7.43513;46.95221;548.7;12;0;6;SENSORDATA;1.34;69.34;1.43;71.34;1.23;70.76;1.12;72.44;1.347197298;287.3058104;559.6500244
492;2024;12;12;7.43512;46.95219;549;12;0;7;SENSORDATA;1.42;69.53;1.43;71.46;1.23;70.82;1.17;72.43;2.349837326;289.6556477;559.6799927
493;2024;12;12;7.43511;46.95218;549.3;12;0;8;SENSORDATA;1.35;69.58;1.44;71.5;1.33;70.89;1.12;72.49;1.347197533;291.0028452;559.6799927
494;2024;12;12;7.4351;46.95217;549.5;12;0;10;SENSORDATA;1.34;69.69;1.43;71.58;1.26;70.92;1.14;72.53;1.347197611;292.3500428;559.6699829
495;2024;12;12;7.43509;46.95217;549.5;12;0;11;SENSORDATA;1.35;69.71;1.49;71.61;1.26;71;1.18;72.59;0.761146062;293.1111889;559.6500244
496;2024;12;12;7.43509;46.95216;549.8;12;0;12;SENSORDATA;1.39;69.81;1.4;71.71;1.3;71.03;1.22;72.61;1.11157464;294.2227635;559.6500244
497;2024;12;12;7.43508;46.95214;550.5;12;0;13;SENSORDATA;1.44;69.86;1.43;71.77;1.3;71.1;1.19;72.67;2.349837538;296.5726011;559.6400146
498;2024;12;12;7.43507;46.95214;550.6;12;0;14;SENSORDATA;1.35;69.94;1.46;71.82;1.32;71.18;1.19;72.7;0.761146487;297.3337476;559.6199951
499;2024;12;12;7.43507;46.95213;550.7;12;0;16;SENSORDATA;1.39;69.99;1.43;71.83;1.3;71.18;1.19;72.75;1.111574635;298.4453222;559.6199951
500;2024;12;12;7.43507;46.95213;550.9;12;0;17;SENSORDATA;1.37;70;1.46;71.91;1.26;71.21;1.19;72.76;0;298.4453222;559.6199951
501;2024;12;12;7.43506;46.95212;551.1;12;0;18;SENSORDATA;1.39;70.01;1.43;71.93;1.3;71.24;1.19;72.74;1.347198003;299.7925202;559.6099854
502;2024;12;12;7.43505;46.9521;551.5;12;0;19;SENSORDATA;1.42;70.1;1.46;72.06;1.26;71.15;1.19;72.65;2.349837705;302.1423579;559.6099854
503;2024;12;12;7.43505;46.95209;551.7;12;0;20;SENSORDATA;1.37;70.12;1.46;72.01;1.27;71.13;1.21;72.61;1.111574627;303.2539325;559.6199951
504;2024;12;12;7.43504;46.95208;552.1;12;0;22;SENSORDATA;1.42;70.08;1.47;72.06;1.29;71.13;1.18;72.63;1.347198318;304.6011309;559.7000122
505;2024;12;12;7.43504;46.95207;552.4;12;0;23;SENSORDATA;1.35;70.05;1.46;72.03;1.29;71.04;1.19;72.63;1.111574622;305.7127055;559.7299805
506;2024;12;12;7.43504;46.95206;552.4;12;0;24;SENSORDATA;1.39;69.99;1.49;72;1.3;71.09;1.22;72.64;1.11157462;306.8242801;559.7399902
507;2024;12;12;7.43503;46.95203;552.4;12;0;25;SENSORDATA;1.39;69.97;1.43;72.05;1.3;71.09;1.17;72.64;3.420486689;310.2447668;559.8300171
508;2024;12;12;7.43504;46.95203;552.5;12;0;27;SENSORDATA;1.42;69.92;1.4;71.92;1.3;71.01;1.17;72.59;0.761148047;311.0059148;559.8499756
509;2024;12;12;7.43504;46.95202;552.8;12;0;28;SENSORDATA;1.44;69.98;1.4;71.9;1.27;70.96;1.17;72.53;1.111574613;312.1174894;559.8800049
510;2024;12;12;7.43505;46.95201;553.2;12;0;29;SENSORDATA;1.38;69.91;1.44;71.87;1.3;71.02;1.12;72.48;1.347198867;313.4646883;559.9199829
511;2024;12;12;7.43506;46.95201;554.2;12;0;30;SENSORDATA;1.42;69.85;1.46;71.86;1.23;70.93;1.12;72.47;0.76114833;314.2258366;559.960022
512;2024;12;12;7.43506;46.95201;554.6;12;0;31;SENSORDATA;1.35;69.79;1.42;71.82;1.26;70.88;1.18;72.45;0;314.2258366;559.960022
513;2024;12;12;7.43507;46.95201;555.3;12;0;33;SENSORDATA;1.39;69.87;1.47;71.78;1.26;70.92;1.15;72.41;0.76114833;314.986985;559.9400024
514;2024;12;12;7.43509;46.952;555.8;12;0;34;SENSORDATA;1.39;69.8;1.43;71.82;1.24;70.8;1.14;72.32;1.884936516;316.8719215;559.8499756
515;2024;12;12;7.4351;46.95199;556.4;12;0;35;SENSORDATA;1.38;69.71;1.4;71.71;1.27;70.84;1.15;72.34;1.347199024;318.2191205;559.7600098
516;2024;12;12;7.43511;46.95198;557.3;12;0;36;SENSORDATA;1.39;69.7;1.47;71.73;1.24;70.83;1.18;72.39;1.347199103;319.5663196;559.710022
517;2024;12;12;7.43512;46.95198;557.6;12;0;37;SENSORDATA;1.35;69.68;1.43;71.73;1.26;70.82;1.14;72.36;0.761148756;320.3274684;559.7800293
518;2024;12;12;7.43512;46.95198;557.9;12;0;39;SENSORDATA;1.41;69.72;1.46;71.65;1.23;70.83;1.17;72.33;0;320.3274684;559.7800293
519;2024;12;12;7.43514;46.95197;557.6;12;0;40;SENSORDATA;1.38;69.68;1.42;71.67;1.27;70.75;1.12;72.35;1.884937199;322.2124056;559.8400269
520;2024;12;12;7.43515;46.95197;557.7;12;0;41;SENSORDATA;1.37;69.63;1.43;71.64;1.23;70.77;1.08;72.27;0.761148898;322.9735545;559.8599854
521;2024;12;12;7.43516;46.95196;558.3;12;0;42;SENSORDATA;1.37;69.59;1.43;71.67;1.26;70.8;1.09;72.28;1.34719926;324.3207537;559.8300171
522;2024;12;12;7.43517;46.95196;558.5;12;0;44;SENSORDATA;1.39;69.57;1.42;71.64;1.23;70.82;1.08;72.3;0.761149039;325.0819028;559.8099976
523;2024;12;12;7.43519;46.95195;558.5;12;0;45;SENSORDATA;1.37;69.54;1.42;71.56;1.24;70.76;1.17;72.32;1.884937655;326.9668404;559.8099976
524;2024;12;12;7.43519;46.95195;558.7;12;0;46;SENSORDATA;1.38;69.57;1.43;71.58;1.23;70.8;1.12;72.26;0;326.9668404;559.8099976
525;2024;12;12;7.4352;46.95195;558.9;12;0;47;SENSORDATA;1.37;69.59;1.39;71.51;1.2;70.75;1.12;72.3;0.761149181;327.7279896;559.8499756
526;2024;12;12;7.43522;46.95194;559.6;12;0;48;SENSORDATA;1.35;69.55;1.37;71.54;1.26;70.8;1.15;72.32;1.884937883;329.6129275;559.8599854
527;2024;12;12;7.43524;46.95194;560.2;12;0;50;SENSORDATA;1.35;69.56;1.4;71.52;1.22;70.8;1.09;72.34;1.522298646;331.1352261;559.8499756
528;2024;12;12;7.43526;46.95193;560.6;12;0;51;SENSORDATA;1.37;69.54;1.42;71.58;1.2;70.82;1.15;72.33;1.88493811;333.0201642;559.8800049
529;2024;12;12;7.43528;46.95192;560.8;12;0;52;SENSORDATA;1.37;69.58;1.39;71.51;1.27;70.83;1.15;72.31;1.884938338;334.9051026;559.9899902
530;2024;12;12;7.43532;46.95191;560.9;12;0;53;SENSORDATA;1.37;69.54;1.37;71.55;1.19;70.84;1.08;72.35;3.241169445;338.146272;559.9899902
531;2024;12;12;7.43533;46.95191;561.2;12;0;55;SENSORDATA;1.37;69.63;1.4;71.55;1.23;70.84;1.12;72.34;0.761149748;338.9074218;560.0100098
532;2024;12;12;7.43533;46.95191;561.4;12;0;56;SENSORDATA;1.34;69.59;1.44;71.57;1.26;70.86;1.11;72.34;0;338.9074218;560.0100098
533;2024;12;12;7.43534;46.9519;561.7;12;0;57;SENSORDATA;1.37;69.54;1.43;71.59;1.2;70.83;1.15;72.35;1.34719973;340.2546215;559.9699707
534;2024;12;12;7.43536;46.9519;561.6;12;0;58;SENSORDATA;1.39;69.58;1.44;71.58;1.2;70.82;1.11;72.35;1.52229978;341.7769213;560
535;2024;12;12;7.4354;46.95189;561.4;12;0;59;SENSORDATA;1.32;69.52;1.4;71.56;1.2;70.84;1.09;72.38;3.241170508;345.0180918;559.9899902
536;2024;12;12;7.43543;46.95189;561.3;12;1;1;SENSORDATA;1.35;69.46;1.43;71.58;1.22;70.85;1.12;72.34;2.283450095;347.3015419;560.0599976
537;2024;12;12;7.43546;46.95188;561.3;12;1;2;SENSORDATA;1.37;69.53;1.39;71.61;1.23;70.82;1.12;72.36;2.539634495;349.8411764;560.0499878
538;2024;12;12;7.43548;46.95188;561.4;12;1;3;SENSORDATA;1.3;69.56;1.37;71.63;1.19;70.81;1.14;72.41;1.522300347;351.3634767;560.0499878
539;2024;12;12;7.43551;46.95187;561.6;12;1;4;SENSORDATA;1.35;69.58;1.4;71.53;1.22;70.88;1.15;72.4;2.539634877;353.9031116;560.0499878
540;2024;12;12;7.43556;46.95186;562;12;1;5;SENSORDATA;1.38;69.51;1.37;71.52;1.19;70.88;1.18;72.39;3.96476302;357.8678746;560.0700073
541;2024;12;12;7.43559;46.95186;562.2;12;1;7;SENSORDATA;1.38;69.53;1.43;71.58;1.24;70.88;1.15;72.41;2.283451371;360.151326;560.0900269
542;2024;12;12;7.43561;46.95186;562.3;12;1;8;SENSORDATA;1.37;69.45;1.4;71.59;1.22;70.88;1.14;72.39;1.522300914;361.6736269;560.0700073
543;2024;12;12;7.43564;46.95186;562.8;12;1;9;SENSORDATA;1.38;69.5;1.39;71.61;1.23;70.88;1.11;72.41;2.283451371;363.9570783;560.0999756
544;2024;12;12;7.43569;46.95186;563.3;12;1;10;SENSORDATA;1.34;69.58;1.39;71.6;1.22;70.95;1.12;72.44;3.805752285;367.7628306;560.1400146
545;2024;12;12;7.43573;46.95185;564.3;12;1;12;SENSORDATA;1.35;69.58;1.37;71.64;1.23;70.92;1.09;72.38;3.241172637;371.0040032;560.1500244
546;2024;12;12;7.43575;46.95184;564.6;12;1;13;SENSORDATA;1.38;69.64;1.4;71.56;1.23;70.91;1.17;72.43;1.884940161;372.8889434;560.1300049
547;2024;12;12;7.43578;46.95183;564.7;12;1;14;SENSORDATA;1.35;69.59;1.39;71.65;1.2;70.96;1.17;72.5;2.539636403;375.4285798;560.1799927
548;2024;12;12;7.4358;46.95183;564.8;12;1;15;SENSORDATA;1.35;69.59;1.43;71.6;1.19;70.98;1.18;72.47;1.522301765;376.9508815;560.1900024
549;2024;12;12;7.43584;46.95181;564.8;12;1;16;SENSORDATA;1.37;69.66;1.46;71.68;1.27;71.04;1.14;72.49;3.769881462;380.720763;560.1099854
550;2024;12;12;7.43586;46.95181;564.9;12;1;18;SENSORDATA;1.34;69.64;1.39;71.73;1.23;71.03;1.14;72.59;1.522302332;382.2430653;560.0999756
551;2024;12;12;7.43588;46.9518;564.9;12;1;19;SENSORDATA;1.37;69.79;1.36;71.75;1.23;71.05;1.14;72.59;1.884941073;384.1280064;560.1900024
552;2024;12;12;7.4359;46.95179;565.1;12;1;20;SENSORDATA;1.37;69.79;1.42;71.81;1.24;71.08;1.15;72.63;1.884941301;386.0129477;560.2399902
553;2024;12;12;7.43592;46.95179;565.3;12;1;21;SENSORDATA;1.32;69.74;1.43;71.78;1.26;71.13;1.11;72.59;1.522302899;387.5352506;560.3099976
554;2024;12;12;7.43597;46.95178;565.7;12;1;22;SENSORDATA;1.35;69.8;1.43;71.81;1.23;71.08;1.17;72.6;3.96476846;391.5000191;560.289978
555;2024;12;12;7.43599;46.95178;565.8;12;1;24;SENSORDATA;1.35;69.79;1.42;71.79;1.24;71.05;1.15;72.57;1.522303183;393.0223222;560.3099976
556;2024;12;12;7.43601;46.95177;566.1;12;1;25;SENSORDATA;1.32;69.79;1.36;71.79;1.29;71.08;1.14;72.59;1.884941755;394.907264;560.4400024
557;2024;12;12;7.43603;46.95177;566.4;12;1;26;SENSORDATA;1.35;69.87;1.34;71.75;1.24;71.07;1.15;72.61;1.522303466;396.4295675;560.4199829
558;2024;12;12;7.43605;46.95177;566.6;12;1;27;SENSORDATA;1.34;69.82;1.47;71.85;1.26;71.1;1.15;72.59;1.522303466;397.9518709;560.4000244
559;2024;12;12;7.43609;46.95176;566.8;12;1;29;SENSORDATA;1.37;69.8;1.37;71.81;1.23;71.1;1.12;72.59;3.241177425;401.1930484;560.4400024
560;2024;12;12;7.4361;46.95176;566.8;12;1;30;SENSORDATA;1.39;69.86;1.4;71.8;1.23;71.09;1.18;72.6;0.761151875;401.9542002;560.4299927
561;2024;12;12;7.43612;46.95176;566.9;12;1;31;SENSORDATA;1.35;69.83;1.37;71.84;1.23;71.13;1.14;72.63;1.52230375;403.476504;560.4799805
562;2024;12;12;7.43614;46.95176;566.9;12;1;32;SENSORDATA;1.35;69.79;1.34;71.88;1.22;71.11;1.15;72.58;1.52230375;404.9988077;560.4799805
563;2024;12;12;7.43617;46.95176;566.8;12;1;33;SENSORDATA;1.34;69.88;1.42;71.83;1.29;71.23;1.15;72.65;2.283455624;407.2822634;560.4299927
564;2024;12;12;7.43619;46.95175;566.8;12;1;35;SENSORDATA;1.35;69.83;1.42;71.91;1.23;71.18;1.14;72.61;1.884942212;409.1672056;560.4799805
565;2024;12;12;7.4362;46.95175;566.6;12;1;36;SENSORDATA;1.32;69.8;1.37;71.84;1.24;71.23;1.15;72.62;0.761152017;409.9283576;560.4799805
566;2024;12;12;7.43622;46.95175;566.5;12;1;37;SENSORDATA;1.34;69.84;1.39;71.87;1.26;71.21;1.17;72.64;1.522304033;411.4506616;560.5
567;2024;12;12;7.43624;46.95175;566.3;12;1;38;SENSORDATA;1.32;69.76;1.4;71.92;1.22;71.18;1.17;72.55;1.522304033;412.9729656;560.5300293
568;2024;12;12;7.43627;46.95174;566.3;12;1;39;SENSORDATA;1.32;69.8;1.37;71.89;1.24;71.19;1.15;72.52;2.539639837;415.5126055;560.710022
569;2024;12;12;7.43628;46.95174;566.8;12;1;41;SENSORDATA;1.35;69.83;1.39;71.9;1.23;71.18;1.15;72.49;0.761152158;416.2737576;560.710022
570;2024;12;12;7.4363;46.95174;566.8;12;1;42;SENSORDATA;1.35;69.83;1.44;71.89;1.2;71.17;1.12;72.52;1.522304317;417.796062;560.7299805
571;2024;12;12;7.43632;46.95173;566.8;12;1;43;SENSORDATA;1.28;69.73;1.4;71.81;1.24;71.11;1.17;72.47;1.884942668;419.6810046;560.9099731
572;2024;12;12;7.43633;46.95173;566.8;12;1;44;SENSORDATA;1.35;69.77;1.36;71.82;1.23;71.13;1.14;72.55;0.7611523;420.4421569;560.9099731
573;2024;12;12;7.43636;46.95173;566.8;12;1;46;SENSORDATA;1.37;69.78;1.42;71.82;1.24;71.17;1.14;72.47;2.2834569;422.7256138;560.9000244
574;2024;12;12;7.43638;46.95173;566.8;12;1;47;SENSORDATA;1.32;69.72;1.33;71.79;1.27;71.16;1.17;72.49;1.5223046;424.2479184;560.8300171
575;2024;12;12;7.43639;46.95172;566.4;12;1;48;SENSORDATA;1.34;69.74;1.39;71.81;1.24;71.08;1.15;72.5;1.347201144;425.5951196;560.9699707
576;2024;12;12;7.4364;46.95171;566.3;12;1;49;SENSORDATA;1.28;69.72;1.37;71.82;1.26;71.13;1.15;72.55;1.347201222;426.9423208;561.0999756
577;2024;12;12;7.43641;46.95171;566.3;12;1;50;SENSORDATA;1.39;69.69;1.42;71.78;1.23;71.08;1.17;72.48;0.761152584;427.7034734;561.0700073
578;2024;12;12;7.43645;46.95171;566.3;12;1;52;SENSORDATA;1.34;69.71;1.39;71.82;1.23;71.1;1.14;72.49;3.044610335;430.7480837;560.9799805
579;2024;12;12;7.43646;46.95171;566.3;12;1;53;SENSORDATA;1.34;69.79;1.37;71.84;1.27;71.11;1.14;72.49;0.761152584;431.5092363;560.9500122
580;2024;12;12;7.43647;46.9517;566.2;12;1;54;SENSORDATA;1.41;69.78;1.42;71.89;1.24;71.19;1.17;72.62;1.3472013;432.8564376;561.0300293
581;2024;12;12;7.43649;46.9517;566;12;1;55;SENSORDATA;1.34;69.77;1.4;71.85;1.22;71.19;1.15;72.61;1.522305451;434.378743;561.0499878
582;2024;12;12;7.4365;46.9517;566;12;1;56;SENSORDATA;1.32;69.75;1.39;71.87;1.23;71.18;1.15;72.63;0.761152725;435.1398958;561.0499878
583;2024;12;12;7.43653;46.9517;566.1;12;1;58;SENSORDATA;1.34;69.76;1.42;71.92;1.26;71.21;1.15;72.65;2.283458177;437.423354;561.0700073
584;2024;12;12;7.43654;46.9517;566.2;12;1;59;SENSORDATA;1.32;69.79;1.42;71.85;1.29;71.24;1.14;72.72;0.761152725;438.1845067;561.0700073
585;2024;12;12;7.43655;46.9517;566.1;12;2;0;SENSORDATA;1.38;69.82;1.4;71.91;1.26;71.28;1.19;72.73;0.761152726;438.9456594;561.0599976
586;2024;12;12;7.43657;46.9517;566.1;12;2;1;SENSORDATA;1.35;69.81;1.4;71.92;1.29;71.25;1.18;72.74;1.522305451;440.4679649;561.0700073
587;2024;12;12;7.4366;46.9517;566.2;12;2;3;SENSORDATA;1.38;69.85;1.39;71.94;1.26;71.31;1.18;72.76;2.283458177;442.751423;561.0200195
588;2024;12;12;7.43662;46.95169;566.2;12;2;4;SENSORDATA;1.35;69.87;1.44;71.98;1.27;71.29;1.19;72.86;1.884943579;444.6363666;561.0599976
589;2024;12;12;7.43663;46.95169;566.3;12;2;5;SENSORDATA;1.37;69.86;1.4;71.95;1.26;71.32;1.17;72.86;0.761152867;445.3975195;561.039978
590;2024;12;12;7.43665;46.95169;566.4;12;2;6;SENSORDATA;1.34;69.88;1.39;71.96;1.32;71.36;1.18;72.9;1.522305735;446.9198252;561.0499878
591;2024;12;12;7.43667;46.9517;566.5;12;2;7;SENSORDATA;1.37;69.93;1.44;72.04;1.27;71.38;1.17;72.92;1.884943579;448.8047688;561.0100098
592;2024;12;12;7.4367;46.9517;566.7;12;2;9;SENSORDATA;1.35;69.98;1.42;72.02;1.26;71.41;1.22;73.01;2.283458176;451.088227;560.9699707
593;2024;12;12;7.43672;46.9517;566.9;12;2;10;SENSORDATA;1.37;69.96;1.42;72.07;1.29;71.42;1.19;72.99;1.522305451;452.6105324;561.0300293
594;2024;12;12;7.43673;46.9517;567.1;12;2;11;SENSORDATA;1.39;70.09;1.42;72.15;1.29;71.46;1.18;73.02;0.761152725;453.3716851;560.9899902
595;2024;12;12;7.43675;46.95169;567.3;12;2;12;SENSORDATA;1.37;70.14;1.42;72.19;1.27;71.5;1.17;73;1.884943579;455.2566287;561.0300293
596;2024;12;12;7.43676;46.95169;567.5;12;2;13;SENSORDATA;1.35;70.23;1.4;72.28;1.27;71.53;1.19;73.02;0.761152867;456.0177816;561.0700073
597;2024;12;12;7.4368;46.9517;568;12;2;15;SENSORDATA;1.34;70.23;1.42;72.32;1.3;71.56;1.18;73.06;3.24118115;459.2589627;561.0800171
598;2024;12;12;7.43681;46.9517;568.1;12;2;16;SENSORDATA;1.34;70.27;1.39;72.35;1.26;71.58;1.17;73.02;0.761152726;460.0201155;561.0800171
599;2024;12;12;7.43683;46.95169;568.1;12;2;17;SENSORDATA;1.38;70.29;1.37;72.4;1.32;71.64;1.19;72.93;1.884943579;461.905059;561.1400146
600;2024;12;12;7.43684;46.95169;568;12;2;18;SENSORDATA;1.39;70.34;1.4;72.39;1.29;71.53;1.19;72.98;0.761152867;462.6662119;561.1199951
601;2024;12;12;7.43687;46.95169;567.9;12;2;20;SENSORDATA;1.35;70.39;1.44;72.4;1.23;71.49;1.18;72.91;2.283458602;464.9496705;561.1300049
602;2024;12;12;7.43689;46.95169;568.1;12;2;21;SENSORDATA;1.31;70.38;1.4;72.4;1.22;71.54;1.24;72.93;1.522305735;466.4719762;561.1500244
603;2024;12;12;7.43691;46.95169;568.1;12;2;22;SENSORDATA;1.38;70.39;1.4;72.42;1.33;71.57;1.24;72.93;1.522305735;467.994282;561.1500244
604;2024;12;12;7.43693;46.95168;568;12;2;23;SENSORDATA;1.34;70.32;1.39;72.48;1.29;71.51;1.21;72.92;1.884943806;469.8792258;561.210022
605;2024;12;12;7.43694;46.95168;568.1;12;2;24;SENSORDATA;1.32;70.33;1.36;72.45;1.32;71.52;1.17;72.9;0.761153009;470.6403788;561.2199707
606;2024;12;12;7.43698;46.95168;568.1;12;2;26;SENSORDATA;1.34;70.35;1.4;72.48;1.3;71.54;1.22;72.99;3.044612036;473.6849908;561.2800293
607;2024;12;12;7.43699;46.95168;568.2;12;2;27;SENSORDATA;1.37;70.39;1.43;72.43;1.29;71.57;1.19;72.96;0.761153009;474.4461438;561.2999878
608;2024;12;12;7.43701;46.95168;568.3;12;2;28;SENSORDATA;1.39;70.49;1.44;72.56;1.32;71.62;1.18;72.8;1.522306018;475.9684499;561.3200073
609;2024;12;12;7.43702;46.95167;568.4;12;2;29;SENSORDATA;1.34;70.45;1.47;72.63;1.3;71.66;1.18;72.86;1.347201537;477.3156514;561.3300171
610;2024;12;12;7.43704;46.95167;568.5;12;2;30;SENSORDATA;1.37;70.53;1.42;72.73;1.33;71.74;1.22;72.9;1.522306302;478.8379577;561.3599854
611;2024;12;12;7.43707;46.95167;568.7;12;2;32;SENSORDATA;1.37;70.69;1.46;72.78;1.3;71.76;1.27;72.91;2.283459452;481.1214171;561.4199829
612;2024;12;12;7.43708;46.95167;568.8;12;2;33;SENSORDATA;1.37;70.69;1.43;72.86;1.32;71.84;1.21;72.92;0.761153151;481.8825703;561.4400024
613;2024;12;12;7.4371;46.95167;568.9;12;2;34;SENSORDATA;1.37;70.73;1.46;72.85;1.27;71.79;1.15;72.95;1.522306302;483.4048766;561.4699707
614;2024;12;12;7.43711;46.95167;569;12;2;35;SENSORDATA;1.39;70.82;1.43;72.95;1.29;71.85;1.22;72.92;0.761153151;484.1660298;561.5
615;2024;12;12;7.43711;46.95167;569;12;2;37;SENSORDATA;1.37;70.78;1.39;72.88;1.32;71.85;1.15;72.88;0;484.1660298;561.5
616;2024;12;12;7.43711;46.95167;569;12;2;38;SENSORDATA;1.38;70.73;1.43;72.93;1.32;71.73;1.18;72.93;0;484.1660298;561.5
617;2024;12;12;7.43711;46.95167;569;12;2;39;SENSORDATA;1.44;70.84;1.44;72.94;1.3;71.76;1.24;72.86;0;484.1660298;561.5
618;2024;12;12;7.43711;46.95167;569;12;2;40;SENSORDATA;1.39;70.75;1.39;72.88;1.3;71.69;1.19;72.78;0;484.1660298;561.5
619;2024;12;12;7.43711;46.95166;569;12;2;41;SENSORDATA;1.37;70.79;1.39;72.89;1.33;71.6;1.18;72.68;1.111574543;485.2776043;561.5300293
620;2024;12;12;7.43711;46.95166;569;12;2;43;SENSORDATA;1.42;70.75;1.46;72.9;1.3;71.57;1.19;72.64;0;485.2776043;561.5300293
621;2024;12;12;7.43711;46.95166;569;12;2;44;SENSORDATA;1.37;70.75;1.43;72.86;1.26;71.44;1.19;72.52;0;485.2776043;561.5300293
622;2024;12;12;7.43711;46.95166;569;12;2;45;SENSORDATA;1.42;70.67;1.43;72.79;1.3;71.45;1.19;72.48;0;485.2776043;561.5300293
623;2024;12;12;7.43711;46.95166;569;12;2;46;SENSORDATA;1.41;70.58;1.4;72.83;1.32;71.4;1.18;72.49;0;485.2776043;561.5300293
624;2024;12;12;7.43711;46.95166;568.9;12;2;47;SENSORDATA;1.41;70.51;1.46;72.73;1.3;71.32;1.21;72.42;0;485.2776043;561.5300293
625;2024;12;12;7.43711;46.95166;568.9;12;2;49;SENSORDATA;1.39;70.54;1.44;72.75;1.3;71.27;1.21;72.43;0;485.2776043;561.5300293
626;2024;12;12;7.43711;46.95166;568.9;12;2;50;SENSORDATA;1.39;70.49;1.46;72.7;1.33;71.26;1.18;72.45;0;485.2776043;561.5300293
627;2024;12;12;7.43711;46.95166;568.9;12;2;51;SENSORDATA;1.39;70.52;1.43;72.7;1.3;71.25;1.28;72.36;0;485.2776043;561.5300293
628;2024;12;12;7.43711;46.95166;568.8;12;2;52;SENSORDATA;1.39;70.44;1.44;72.67;1.3;71.19;1.25;72.43;0;485.2776043;561.5300293
629;2024;12;12;7.43711;46.95166;568.8;12;2;54;SENSORDATA;1.39;70.39;1.44;72.64;1.29;71.16;1.21;72.39;0;485.2776043;561.5300293
630;2024;12;12;7.43711;46.95166;568.8;12;2;55;SENSORDATA;1.41;70.39;1.44;72.66;1.27;71.17;1.19;72.37;0;485.2776043;561.5300293
631;2024;12;12;7.43711;46.95166;568.7;12;2;56;SENSORDATA;1.39;70.38;1.44;72.65;1.34;71.17;1.19;72.39;0;485.2776043;561.5300293
632;2024;12;12;7.43711;46.95166;568.7;12;2;57;SENSORDATA;1.35;70.29;1.43;72.66;1.3;71.09;1.19;72.36;0;485.2776043;561.5300293
633;2024;12;12;7.43711;46.95167;568.7;12;2;58;SENSORDATA;1.38;70.31;1.46;72.53;1.29;71.06;1.19;72.37;1.111574543;486.3891788;561.5
634;2024;12;12;7.43711;46.95167;568.7;12;3;0;SENSORDATA;1.41;70.27;1.42;72.56;1.33;71.09;1.24;72.3;0;486.3891788;561.5
635;2024;12;12;7.43711;46.95167;568.6;12;3;1;SENSORDATA;1.41;70.26;1.44;72.47;1.32;71.09;1.24;72.3;0;486.3891788;561.5
636;2024;12;12;7.43711;46.95167;568.7;12;3;2;SENSORDATA;1.39;70.23;1.42;72.42;1.27;70.98;1.21;72.2;0;486.3891788;561.5
637;2024;12;12;7.43711;46.95167;568.7;12;3;3;SENSORDATA;1.39;70.19;1.43;72.4;1.3;71.02;1.21;72.25;0;486.3891788;561.5
638;2024;12;12;7.43711;46.95167;568.7;12;3;4;SENSORDATA;1.39;70.14;1.47;72.32;1.26;70.96;1.17;72.14;0;486.3891788;561.5
639;2024;12;12;7.43711;46.95167;568.7;12;3;6;SENSORDATA;1.37;70.13;1.46;72.26;1.26;70.9;1.17;72.14;0;486.3891788;561.5
640;2024;12;12;7.43711;46.95167;568.8;12;3;7;SENSORDATA;1.39;70.1;1.47;72.25;1.27;70.88;1.22;72.2;0;486.3891788;561.5
641;2024;12;12;7.43711;46.95167;568.9;12;3;8;SENSORDATA;1.39;70.01;1.47;72.26;1.24;70.85;1.22;72.09;0;486.3891788;561.5
642;2024;12;12;7.43711;46.95167;568.9;12;3;9;SENSORDATA;1.41;70.05;1.46;72.12;1.26;70.8;1.21;72.13;0;486.3891788;561.5
643;2024;12;12;7.43711;46.95167;569;12;3;11;SENSORDATA;1.39;69.98;1.44;72.16;1.36;70.82;1.24;72.12;0;486.3891788;561.5
644;2024;12;12;7.43712;46.95167;569;12;3;12;SENSORDATA;1.38;69.9;1.44;72.1;1.24;70.78;1.22;72.1;0.761153151;487.150332;561.5
645;2024;12;12;7.43712;46.95167;569.1;12;3;13;SENSORDATA;1.42;69.9;1.43;72.04;1.29;70.77;1.22;72.06;0;487.150332;561.5
646;2024;12;12;7.43712;46.95167;569.1;12;3;14;SENSORDATA;1.34;69.78;1.43;72.01;1.26;70.8;1.17;72.05;0;487.150332;561.5
647;2024;12;12;7.43712;46.95167;569.2;12;3;15;SENSORDATA;1.34;69.82;1.44;72.02;1.29;70.73;1.25;72.07;0;487.150332;561.5
648;2024;12;12;7.43713;46.95167;569.1;12;3;17;SENSORDATA;1.34;69.84;1.47;72;1.24;70.71;1.27;72.12;0.761153151;487.9114851;561.4699707
