Messung;GPS;RMC;Jahr;Monat;Tag;GPS_1;GGA;Stunde;Minute;Sekunde;Longitude;Latitud;X;XX;Height;XXX;RTCMEZ;Jahr_Gerät;Monat_Gerät;Tag_Gerät;Stunde_Gerät;Minute_Gerät;Sekunde_Gerät;SENSORDATA;Sensor 0.5m;Sensor1_LF;Sensor 1m;Sensor2_LF;Sensor 2m;Sensor3_LF;Sensor 3m;Sensor4_LF;Sensor stationär;END;Time
5248;GPS;RMC;2024;12;12;GPS;GGA;11;9;25;7.43714;46.95174;18;0.7;580.7;49.5;RTCMEZ;2024;12;12;13;9;8;SENSORDATA;1.55;76.96;1.65;78.55;1.34;78.41;1.34;79.45;1.65;END;43748
5249;GPS;RMC;2024;12;12;GPS;GGA;11;9;26;7.43716;46.95174;18;0.7;580.7;49.5;RTCMEZ;2024;12;12;13;9;9;SENSORDATA;1.54;76.91;1.7;78.54;1.29;78.38;1.32;79.44;1.65;END;43749
5250;GPS;RMC;2024;12;12;GPS;GGA;11;9;28;7.43717;46.95174;19;0.7;580.7;49.5;RTCMEZ;2024;12;12;13;9;10;SENSORDATA;1.52;76.93;1.71;78.54;1.3;78.45;1.31;79.48;1.65;END;43750
5251;GPS;RMC;2024;12;12;GPS;GGA;11;9;29;7.4372;46.95173;19;0.7;581.1;49.5;RTCMEZ;2024;12;12;13;9;11;SENSORDATA;1.54;76.97;1.68;78.57;1.32;78.5;1.31;79.5;1.65;END;43751
5252;GPS;RMC;2024;12;12;GPS;GGA;11;9;30;7.43723;46.95173;19;0.7;580.4;49.5;RTCMEZ;2024;12;12;13;9;12;SENSORDATA;1.52;77.01;1.68;78.63;1.32;78.56;1.28;79.64;1.65;END;43752
5253;GPS;RMC;2024;12;12;GPS;GGA;11;9;31;7.43726;46.95173;19;0.7;580.4;49.5;RTCMEZ;2024;12;12;13;9;14;SENSORDATA;1.52;77.07;1.65;78.64;1.33;78.6;1.29;79.62;1.65;END;43754
5254;GPS;RMC;2024;12;12;GPS;GGA;11;9;33;7.43731;46.95175;19;0.7;580.5;49.5;RTCMEZ;2024;12;12;13;9;15;SENSORDATA;1.49;77.16;1.68;78.7;1.3;78.54;1.29;79.59;1.65;END;43755
5255;GPS;RMC;2024;12;12;GPS;GGA;11;9;34;7.43732;46.95177;19;0.7;580.9;49.5;RTCMEZ;2024;12;12;13;9;16;SENSORDATA;1.57;77.18;1.68;78.73;1.32;78.63;1.32;79.66;1.65;END;43756
5256;GPS;RMC;2024;12;12;GPS;GGA;11;9;35;7.43731;46.95178;19;0.7;581.4;49.5;RTCMEZ;2024;12;12;13;9;17;SENSORDATA;1.49;77.16;1.68;78.7;1.33;78.63;1.29;79.68;1.65;END;43757
5257;GPS;RMC;2024;12;12;GPS;GGA;11;9;36;7.4373;46.95179;19;0.7;581.5;49.5;RTCMEZ;2024;12;12;13;9;19;SENSORDATA;1.54;77.14;1.67;78.71;1.34;78.69;1.28;79.61;1.65;END;43759
5258;GPS;RMC;2024;12;12;GPS;GGA;11;9;37;7.43729;46.9518;19;0.7;581.5;49.5;RTCMEZ;2024;12;12;13;9;20;SENSORDATA;1.51;77.22;1.7;78.72;1.32;78.73;1.29;79.73;1.65;END;43760
5259;GPS;RMC;2024;12;12;GPS;GGA;11;9;39;7.43725;46.95181;19;0.7;580.7;49.5;RTCMEZ;2024;12;12;13;9;21;SENSORDATA;1.51;77.21;1.7;78.71;1.36;78.69;1.32;79.72;1.65;END;43761
5260;GPS;RMC;2024;12;12;GPS;GGA;11;9;40;7.43723;46.95182;19;0.7;580.3;49.5;RTCMEZ;2024;12;12;13;9;22;SENSORDATA;1.55;77.2;1.68;78.7;1.32;78.69;1.31;79.81;1.65;END;43762
5261;GPS;RMC;2024;12;12;GPS;GGA;11;9;41;7.43721;46.95183;19;0.7;580.1;49.5;RTCMEZ;2024;12;12;13;9;23;SENSORDATA;1.47;77.21;1.68;78.74;1.34;78.77;1.35;79.87;1.65;END;43763
5262;GPS;RMC;2024;12;12;GPS;GGA;11;9;42;7.43719;46.95184;19;0.7;579.7;49.5;RTCMEZ;2024;12;12;13;9;25;SENSORDATA;1.51;77.29;1.65;78.71;1.32;78.78;1.29;79.87;1.65;END;43765
5263;GPS;RMC;2024;12;12;GPS;GGA;11;9;43;7.43718;46.95185;19;0.7;579.3;49.5;RTCMEZ;2024;12;12;13;9;26;SENSORDATA;1.51;77.32;1.65;78.86;1.33;78.74;1.31;79.92;1.65;END;43766
5264;GPS;RMC;2024;12;12;GPS;GGA;11;9;45;7.43714;46.95186;19;0.7;579.2;49.5;RTCMEZ;2024;12;12;13;9;27;SENSORDATA;1.52;77.33;1.7;78.81;1.3;78.73;1.31;79.94;1.65;END;43767
5265;GPS;RMC;2024;12;12;GPS;GGA;11;9;46;7.43713;46.95187;19;0.7;579.1;49.5;RTCMEZ;2024;12;12;13;9;28;SENSORDATA;1.48;77.32;1.68;78.88;1.34;78.79;1.29;79.96;1.65;END;43768
5266;GPS;RMC;2024;12;12;GPS;GGA;11;9;47;7.43711;46.95187;19;0.7;579;49.5;RTCMEZ;2024;12;12;13;9;29;SENSORDATA;1.49;77.34;1.7;78.85;1.3;78.78;1.34;79.96;1.65;END;43769
5267;GPS;RMC;2024;12;12;GPS;GGA;11;9;48;7.4371;46.95188;19;0.7;579;49.5;RTCMEZ;2024;12;12;13;9;31;SENSORDATA;1.47;77.31;1.6;78.89;1.32;78.8;1.31;79.95;1.65;END;43771
5268;GPS;RMC;2024;12;12;GPS;GGA;11;9;49;7.43708;46.95189;19;0.7;578.7;49.5;RTCMEZ;2024;12;12;13;9;32;SENSORDATA;1.51;77.31;1.67;78.87;1.33;78.77;1.36;79.91;1.65;END;43772
5269;GPS;RMC;2024;12;12;GPS;GGA;11;9;51;7.43704;46.9519;19;0.7;577.6;49.5;RTCMEZ;2024;12;12;13;9;33;SENSORDATA;1.49;77.34;1.6;78.88;1.32;78.72;1.28;79.94;1.65;END;43773
5270;GPS;RMC;2024;12;12;GPS;GGA;11;9;52;7.43703;46.9519;19;0.7;577.2;49.5;RTCMEZ;2024;12;12;13;9;34;SENSORDATA;1.51;77.27;1.61;78.75;1.34;78.79;1.29;79.94;1.65;END;43774
5271;GPS;RMC;2024;12;12;GPS;GGA;11;9;53;7.43701;46.95191;19;0.7;576.9;49.5;RTCMEZ;2024;12;12;13;9;36;SENSORDATA;1.49;77.22;1.62;78.82;1.29;78.68;1.34;79.93;1.65;END;43776
5272;GPS;RMC;2024;12;12;GPS;GGA;11;9;54;7.437;46.95191;19;0.7;576.4;49.5;RTCMEZ;2024;12;12;13;9;37;SENSORDATA;1.47;77.19;1.65;78.78;1.26;78.7;1.31;79.85;1.65;END;43777
5273;GPS;RMC;2024;12;12;GPS;GGA;11;9;56;7.43697;46.95192;19;0.7;574.9;49.5;RTCMEZ;2024;12;12;13;9;38;SENSORDATA;1.44;77.2;1.62;78.76;1.29;78.69;1.31;79.85;1.65;END;43778
5274;GPS;RMC;2024;12;12;GPS;GGA;11;9;57;7.43695;46.95192;19;0.7;574.3;49.5;RTCMEZ;2024;12;12;13;9;39;SENSORDATA;1.45;77.17;1.61;78.74;1.3;78.71;1.27;79.94;1.65;END;43779
5275;GPS;RMC;2024;12;12;GPS;GGA;11;9;58;7.43694;46.95193;19;0.7;573.6;49.5;RTCMEZ;2024;12;12;13;9;40;SENSORDATA;1.45;77.1;1.68;78.73;1.29;78.68;1.25;79.96;1.65;END;43780
5276;GPS;RMC;2024;12;12;GPS;GGA;11;9;59;7.43693;46.95194;19;0.7;572.4;49.5;RTCMEZ;2024;12;12;13;9;42;SENSORDATA;1.45;77.13;1.58;78.69;1.27;78.7;1.29;79.94;1.65;END;43782
5277;GPS;RMC;2024;12;12;GPS;GGA;11;10;0;7.43691;46.95194;19;0.7;571.4;49.5;RTCMEZ;2024;12;12;13;9;43;SENSORDATA;1.45;77.1;1.65;78.7;1.32;78.71;1.27;79.93;1.65;END;43783
5278;GPS;RMC;2024;12;12;GPS;GGA;11;10;2;7.43687;46.95196;19;0.7;569.8;49.5;RTCMEZ;2024;12;12;13;9;44;SENSORDATA;1.47;77.09;1.6;78.72;1.3;78.72;1.29;79.92;1.65;END;43784
5279;GPS;RMC;2024;12;12;GPS;GGA;11;10;3;7.43685;46.95197;19;0.7;569.1;49.5;RTCMEZ;2024;12;12;13;9;45;SENSORDATA;1.45;77.18;1.65;78.7;1.3;78.71;1.21;79.9;1.65;END;43785
5280;GPS;RMC;2024;12;12;GPS;GGA;11;10;4;7.43682;46.95198;19;0.7;568.4;49.5;RTCMEZ;2024;12;12;13;9;46;SENSORDATA;1.49;77.17;1.57;78.65;1.29;78.7;1.27;79.97;1.65;END;43786
5281;GPS;RMC;2024;12;12;GPS;GGA;11;10;5;7.4368;46.952;19;0.7;568;49.5;RTCMEZ;2024;12;12;13;9;48;SENSORDATA;1.45;77.11;1.61;78.74;1.3;78.72;1.27;79.97;1.65;END;43788
5282;GPS;RMC;2024;12;12;GPS;GGA;11;10;6;7.43678;46.95201;19;0.7;567.7;49.5;RTCMEZ;2024;12;12;13;9;49;SENSORDATA;1.45;77.16;1.58;78.68;1.26;78.65;1.27;79.87;1.65;END;43789
5283;GPS;RMC;2024;12;12;GPS;GGA;11;10;8;7.43674;46.95202;19;0.7;567;49.5;RTCMEZ;2024;12;12;13;9;50;SENSORDATA;1.48;77.09;1.62;78.71;1.27;78.59;1.25;79.89;1.65;END;43790
5284;GPS;RMC;2024;12;12;GPS;GGA;11;10;9;7.43672;46.95203;19;0.7;566.8;49.5;RTCMEZ;2024;12;12;13;9;51;SENSORDATA;1.42;77.09;1.57;78.66;1.29;78.62;1.25;79.84;1.65;END;43791
5285;GPS;RMC;2024;12;12;GPS;GGA;11;10;10;7.4367;46.95204;19;0.7;566.6;49.5;RTCMEZ;2024;12;12;13;9;53;SENSORDATA;1.48;77.12;1.64;78.67;1.23;78.62;1.29;79.78;1.65;END;43793
5286;GPS;RMC;2024;12;12;GPS;GGA;11;10;11;7.43668;46.95206;19;0.7;566.1;49.5;RTCMEZ;2024;12;12;13;9;54;SENSORDATA;1.48;77.08;1.6;78.69;1.24;78.54;1.29;79.8;1.65;END;43794
5287;GPS;RMC;2024;12;12;GPS;GGA;11;10;12;7.43665;46.95207;19;0.7;565.9;49.5;RTCMEZ;2024;12;12;13;9;55;SENSORDATA;1.45;77.13;1.6;78.71;1.27;78.61;1.28;79.76;1.65;END;43795
5288;GPS;RMC;2024;12;12;GPS;GGA;11;10;14;7.43662;46.95209;18;0.7;565.1;49.5;RTCMEZ;2024;12;12;13;9;56;SENSORDATA;1.42;77.21;1.55;78.72;1.26;78.56;1.27;79.73;1.65;END;43796
5289;GPS;RMC;2024;12;12;GPS;GGA;11;10;15;7.4366;46.9521;18;0.7;564.3;49.5;RTCMEZ;2024;12;12;13;9;57;SENSORDATA;1.47;77.19;1.57;78.76;1.23;78.61;1.27;79.7;1.65;END;43797
5290;GPS;RMC;2024;12;12;GPS;GGA;11;10;16;7.43658;46.95211;19;0.7;563.7;49.5;RTCMEZ;2024;12;12;13;9;59;SENSORDATA;1.45;77.16;1.58;78.72;1.24;78.58;1.25;79.66;1.65;END;43799
5291;GPS;RMC;2024;12;12;GPS;GGA;11;10;17;7.43657;46.95212;19;0.7;563.1;49.5;RTCMEZ;2024;12;12;13;10;0;SENSORDATA;1.39;77.15;1.57;78.75;1.3;78.49;1.27;79.76;1.65;END;43800
5292;GPS;RMC;2024;12;12;GPS;GGA;11;10;19;7.43653;46.95214;19;0.7;562.5;49.5;RTCMEZ;2024;12;12;13;10;1;SENSORDATA;1.41;77.17;1.55;78.75;1.3;78.53;1.22;79.71;1.65;END;43801
5293;GPS;RMC;2024;12;12;GPS;GGA;11;10;20;7.43651;46.95215;19;0.7;562.2;49.5;RTCMEZ;2024;12;12;13;10;2;SENSORDATA;1.45;77.23;1.58;78.74;1.26;78.53;1.25;79.61;1.65;END;43802
5294;GPS;RMC;2024;12;12;GPS;GGA;11;10;21;7.43649;46.95216;19;0.7;561.8;49.5;RTCMEZ;2024;12;12;13;10;3;SENSORDATA;1.39;77.13;1.54;78.7;1.26;78.52;1.27;79.61;1.65;END;43803
5295;GPS;RMC;2024;12;12;GPS;GGA;11;10;22;7.43647;46.95217;19;0.7;561.8;49.5;RTCMEZ;2024;12;12;13;10;5;SENSORDATA;1.39;77.15;1.53;78.76;1.26;78.52;1.28;79.64;1.65;END;43805
5296;GPS;RMC;2024;12;12;GPS;GGA;11;10;23;7.43645;46.95219;19;0.7;561.7;49.5;RTCMEZ;2024;12;12;13;10;6;SENSORDATA;1.39;77.13;1.53;78.67;1.22;78.46;1.17;79.63;1.65;END;43806
5297;GPS;RMC;2024;12;12;GPS;GGA;11;10;25;7.43641;46.95221;19;0.7;561.4;49.5;RTCMEZ;2024;12;12;13;10;7;SENSORDATA;1.44;77.15;1.57;78.71;1.23;78.53;1.27;79.61;1.65;END;43807
5298;GPS;RMC;2024;12;12;GPS;GGA;11;10;26;7.43639;46.95222;19;0.7;561;49.5;RTCMEZ;2024;12;12;13;10;8;SENSORDATA;1.39;77.14;1.6;78.68;1.24;78.49;1.27;79.62;1.65;END;43808
5299;GPS;RMC;2024;12;12;GPS;GGA;11;10;27;7.43637;46.95223;19;0.7;560.2;49.5;RTCMEZ;2024;12;12;13;10;10;SENSORDATA;1.44;77.1;1.57;78.74;1.23;78.5;1.24;79.68;1.65;END;43810
5300;GPS;RMC;2024;12;12;GPS;GGA;11;10;28;7.43636;46.95223;19;0.7;559.4;49.5;RTCMEZ;2024;12;12;13;10;11;SENSORDATA;1.41;77.19;1.55;78.79;1.23;78.57;1.21;79.63;1.65;END;43811
5301;GPS;RMC;2024;12;12;GPS;GGA;11;10;29;7.43634;46.95224;19;0.7;558.9;49.5;RTCMEZ;2024;12;12;13;10;12;SENSORDATA;1.42;77.2;1.54;78.84;1.24;78.58;1.25;79.68;1.65;END;43812
5302;GPS;RMC;2024;12;12;GPS;GGA;11;10;31;7.4363;46.95225;19;0.7;557.8;49.5;RTCMEZ;2024;12;12;13;10;13;SENSORDATA;1.44;77.27;1.55;78.83;1.2;78.64;1.24;79.8;1.65;END;43813
5303;GPS;RMC;2024;12;12;GPS;GGA;11;10;32;7.43628;46.95226;19;0.7;557.3;49.5;RTCMEZ;2024;12;12;13;10;14;SENSORDATA;1.41;77.31;1.54;78.89;1.26;78.67;1.25;79.81;1.65;END;43814
5304;GPS;RMC;2024;12;12;GPS;GGA;11;10;33;7.43626;46.95227;19;0.7;556.7;49.5;RTCMEZ;2024;12;12;13;10;16;SENSORDATA;1.47;77.31;1.58;78.94;1.24;78.75;1.29;79.85;1.65;END;43816
5305;GPS;RMC;2024;12;12;GPS;GGA;11;10;34;7.43624;46.95228;19;0.7;556.1;49.5;RTCMEZ;2024;12;12;13;10;17;SENSORDATA;1.44;77.39;1.55;78.97;1.24;78.79;1.29;79.93;1.65;END;43817
5306;GPS;RMC;2024;12;12;GPS;GGA;11;10;35;7.43622;46.95229;19;0.7;555.5;49.5;RTCMEZ;2024;12;12;13;10;18;SENSORDATA;1.41;77.43;1.57;79;1.3;78.72;1.25;79.89;1.65;END;43818
5307;GPS;RMC;2024;12;12;GPS;GGA;11;10;37;7.43618;46.95231;19;0.7;555.4;49.5;RTCMEZ;2024;12;12;13;10;19;SENSORDATA;1.44;77.46;1.54;78.97;1.26;78.71;1.27;79.95;1.65;END;43819
5308;GPS;RMC;2024;12;12;GPS;GGA;11;10;38;7.43616;46.95232;19;0.7;555.3;49.5;RTCMEZ;2024;12;12;13;10;20;SENSORDATA;1.42;77.43;1.55;79.05;1.24;78.78;1.31;79.9;1.65;END;43820
5309;GPS;RMC;2024;12;12;GPS;GGA;11;10;39;7.43614;46.95234;19;0.7;555.3;49.5;RTCMEZ;2024;12;12;13;10;22;SENSORDATA;1.49;77.45;1.54;79.02;1.3;78.75;1.28;79.92;1.65;END;43822
5310;GPS;RMC;2024;12;12;GPS;GGA;11;10;40;7.43612;46.95235;19;0.7;555.4;49.5;RTCMEZ;2024;12;12;13;10;23;SENSORDATA;1.47;77.46;1.5;78.99;1.27;78.8;1.28;79.96;1.65;END;43823
5311;GPS;RMC;2024;12;12;GPS;GGA;11;10;41;7.43609;46.95236;19;0.7;555.7;49.5;RTCMEZ;2024;12;12;13;10;24;SENSORDATA;1.45;77.42;1.57;79.04;1.32;78.78;1.28;79.92;1.65;END;43824
5312;GPS;RMC;2024;12;12;GPS;GGA;11;10;43;7.43606;46.95238;19;0.7;556;49.5;RTCMEZ;2024;12;12;13;10;25;SENSORDATA;1.41;77.39;1.53;79.05;1.26;78.78;1.29;79.98;1.65;END;43825
5313;GPS;RMC;2024;12;12;GPS;GGA;11;10;44;7.43604;46.95239;19;0.7;556;49.5;RTCMEZ;2024;12;12;13;10;27;SENSORDATA;1.45;77.41;1.57;79.03;1.3;78.76;1.25;79.95;1.65;END;43827
5314;GPS;RMC;2024;12;12;GPS;GGA;11;10;45;7.43602;46.95239;19;0.7;555.7;49.5;RTCMEZ;2024;12;12;13;10;28;SENSORDATA;1.42;77.41;1.54;79.04;1.29;78.78;1.27;79.97;1.65;END;43828
5315;GPS;RMC;2024;12;12;GPS;GGA;11;10;46;7.436;46.9524;19;0.7;555.7;49.5;RTCMEZ;2024;12;12;13;10;29;SENSORDATA;1.45;77.41;1.58;79.01;1.33;78.86;1.22;79.97;1.65;END;43829
5316;GPS;RMC;2024;12;12;GPS;GGA;11;10;48;7.43595;46.95242;19;0.7;555.2;49.5;RTCMEZ;2024;12;12;13;10;30;SENSORDATA;1.41;77.48;1.53;79.06;1.3;78.86;1.28;79.96;1.65;END;43830
5317;GPS;RMC;2024;12;12;GPS;GGA;11;10;49;7.43592;46.95243;19;0.7;555.1;49.5;RTCMEZ;2024;12;12;13;10;31;SENSORDATA;1.44;77.48;1.53;79.04;1.36;78.91;1.31;80.05;1.65;END;43831
5318;GPS;RMC;2024;12;12;GPS;GGA;11;10;50;7.4359;46.95244;19;0.7;554.8;49.5;RTCMEZ;2024;12;12;13;10;33;SENSORDATA;1.39;77.5;1.55;79.17;1.29;78.97;1.28;80.07;1.65;END;43833
5319;GPS;RMC;2024;12;12;GPS;GGA;11;10;51;7.43587;46.95244;19;0.7;555.1;49.5;RTCMEZ;2024;12;12;13;10;34;SENSORDATA;1.44;77.52;1.53;79.18;1.32;78.88;1.24;80.08;1.65;END;43834
5320;GPS;RMC;2024;12;12;GPS;GGA;11;10;52;7.43585;46.95244;19;0.7;554.9;49.5;RTCMEZ;2024;12;12;13;10;35;SENSORDATA;1.41;77.58;1.57;79.19;1.29;78.85;1.27;80.09;1.65;END;43835
5321;GPS;RMC;2024;12;12;GPS;GGA;11;10;54;7.43581;46.95245;19;0.7;554.3;49.5;RTCMEZ;2024;12;12;13;10;36;SENSORDATA;1.41;77.56;1.5;79.18;1.32;78.93;1.31;80.07;1.65;END;43836
5322;GPS;RMC;2024;12;12;GPS;GGA;11;10;55;7.4358;46.95245;19;0.7;553.5;49.5;RTCMEZ;2024;12;12;13;10;37;SENSORDATA;1.39;77.53;1.57;79.17;1.26;78.88;1.27;79.98;1.65;END;43837
5323;GPS;RMC;2024;12;12;GPS;GGA;11;10;56;7.43578;46.95244;19;0.7;553;49.5;RTCMEZ;2024;12;12;13;10;39;SENSORDATA;1.44;77.52;1.54;79.2;1.3;78.79;1.19;79.91;1.65;END;43839
5324;GPS;RMC;2024;12;12;GPS;GGA;11;10;57;7.43577;46.95243;19;0.7;552.5;49.5;RTCMEZ;2024;12;12;13;10;40;SENSORDATA;1.38;77.52;1.55;79.14;1.3;78.82;1.21;79.91;1.65;END;43840
5325;GPS;RMC;2024;12;12;GPS;GGA;11;10;58;7.43577;46.95243;19;0.7;554.1;49.5;RTCMEZ;2024;12;12;13;10;41;SENSORDATA;1.38;77.58;1.53;79.12;1.27;78.78;1.27;79.87;1.65;END;43841
5326;GPS;RMC;2024;12;12;GPS;GGA;11;11;0;7.43575;46.95241;19;0.7;554.7;49.5;RTCMEZ;2024;12;12;13;10;42;SENSORDATA;1.41;77.51;1.5;79.17;1.29;78.79;1.21;79.82;1.65;END;43842
5327;GPS;RMC;2024;12;12;GPS;GGA;11;11;1;7.43574;46.9524;19;0.7;555.2;49.5;RTCMEZ;2024;12;12;13;10;44;SENSORDATA;1.38;77.52;1.51;79.17;1.27;78.71;1.25;79.95;1.65;END;43844
5328;GPS;RMC;2024;12;12;GPS;GGA;11;11;2;7.43574;46.95241;19;0.7;555.1;49.5;RTCMEZ;2024;12;12;13;10;45;SENSORDATA;1.41;77.57;1.54;79.19;1.3;78.69;1.25;79.91;1.65;END;43845
5329;GPS;RMC;2024;12;12;GPS;GGA;11;11;3;7.43574;46.95241;19;0.7;555.1;49.5;RTCMEZ;2024;12;12;13;10;46;SENSORDATA;1.39;77.6;1.54;79.23;1.29;78.74;1.24;79.85;1.65;END;43846
5330;GPS;RMC;2024;12;12;GPS;GGA;11;11;4;7.43573;46.9524;19;0.7;555.7;49.5;RTCMEZ;2024;12;12;13;10;47;SENSORDATA;1.39;77.63;1.51;79.28;1.32;78.79;1.22;79.89;1.65;END;43847
5331;GPS;RMC;2024;12;12;GPS;GGA;11;11;6;7.43573;46.95239;19;0.7;556.3;49.5;RTCMEZ;2024;12;12;13;10;48;SENSORDATA;1.41;77.64;1.53;79.21;1.27;78.72;1.25;79.89;1.65;END;43848
5332;GPS;RMC;2024;12;12;GPS;GGA;11;11;7;7.43572;46.95237;19;0.7;556.7;49.5;RTCMEZ;2024;12;12;13;10;50;SENSORDATA;1.39;77.59;1.53;79.28;1.24;78.72;1.25;79.88;1.65;END;43850
5333;GPS;RMC;2024;12;12;GPS;GGA;11;11;8;7.43571;46.95236;19;0.7;557;49.5;RTCMEZ;2024;12;12;13;10;51;SENSORDATA;1.44;77.64;1.54;79.25;1.29;78.73;1.27;79.93;1.65;END;43851
5334;GPS;RMC;2024;12;12;GPS;GGA;11;11;9;7.4357;46.95236;19;0.7;557.3;49.5;RTCMEZ;2024;12;12;13;10;52;SENSORDATA;1.39;77.61;1.53;79.36;1.3;78.67;1.27;79.84;1.65;END;43852
5335;GPS;RMC;2024;12;12;GPS;GGA;11;11;11;7.43567;46.95234;19;0.7;557.3;49.5;RTCMEZ;2024;12;12;13;10;53;SENSORDATA;1.42;77.63;1.51;79.29;1.29;78.72;1.25;79.88;1.65;END;43853
5336;GPS;RMC;2024;12;12;GPS;GGA;11;11;12;7.43566;46.95233;19;0.7;557.3;49.5;RTCMEZ;2024;12;12;13;10;54;SENSORDATA;1.45;77.66;1.57;79.37;1.29;78.72;1.21;79.88;1.65;END;43854
5337;GPS;RMC;2024;12;12;GPS;GGA;11;11;13;7.43565;46.95233;19;0.7;557.4;49.5;RTCMEZ;2024;12;12;13;10;56;SENSORDATA;1.42;77.65;1.54;79.4;1.3;78.74;1.25;79.89;1.65;END;43856
5338;GPS;RMC;2024;12;12;GPS;GGA;11;11;14;7.43564;46.95232;19;0.7;557.6;49.5;RTCMEZ;2024;12;12;13;10;57;SENSORDATA;1.45;77.7;1.55;79.43;1.32;78.8;1.25;79.93;1.65;END;43857
5339;GPS;RMC;2024;12;12;GPS;GGA;11;11;15;7.43564;46.95232;19;0.7;557.7;49.5;RTCMEZ;2024;12;12;13;10;58;SENSORDATA;1.41;77.67;1.5;79.48;1.29;78.83;1.22;80;1.65;END;43858
5340;GPS;RMC;2024;12;12;GPS;GGA;11;11;17;7.43562;46.95232;19;0.7;558.3;49.5;RTCMEZ;2024;12;12;13;10;59;SENSORDATA;1.42;77.71;1.54;79.46;1.29;78.81;1.28;80.12;1.65;END;43859
5341;GPS;RMC;2024;12;12;GPS;GGA;11;11;18;7.43562;46.95232;19;0.7;558.7;49.5;RTCMEZ;2024;12;12;13;11;1;SENSORDATA;1.44;77.73;1.51;79.45;1.29;78.84;1.25;80.11;1.65;END;43861
5342;GPS;RMC;2024;12;12;GPS;GGA;11;11;19;7.43561;46.95233;19;0.7;559;49.5;RTCMEZ;2024;12;12;13;11;2;SENSORDATA;1.42;77.73;1.51;79.53;1.32;78.85;1.24;80.14;1.65;END;43862
5343;GPS;RMC;2024;12;12;GPS;GGA;11;11;20;7.4356;46.95233;19;0.7;559.4;49.5;RTCMEZ;2024;12;12;13;11;3;SENSORDATA;1.39;77.76;1.51;79.49;1.36;78.91;1.28;80.2;1.65;END;43863
5344;GPS;RMC;2024;12;12;GPS;GGA;11;11;21;7.4356;46.95233;19;0.7;559.6;49.5;RTCMEZ;2024;12;12;13;11;4;SENSORDATA;1.38;77.78;1.55;79.51;1.32;78.88;1.24;80.14;1.65;END;43864
5345;GPS;RMC;2024;12;12;GPS;GGA;11;11;23;7.43557;46.95231;19;0.7;560.2;49.5;RTCMEZ;2024;12;12;13;11;5;SENSORDATA;1.41;77.79;1.57;79.56;1.32;78.91;1.25;80.17;1.65;END;43865
5346;GPS;RMC;2024;12;12;GPS;GGA;11;11;24;7.43556;46.9523;19;0.7;560.4;49.5;RTCMEZ;2024;12;12;13;11;7;SENSORDATA;1.45;77.77;1.53;79.55;1.3;78.87;1.28;80.14;1.65;END;43867
5347;GPS;RMC;2024;12;12;GPS;GGA;11;11;25;7.43554;46.95228;19;0.7;560.6;49.5;RTCMEZ;2024;12;12;13;11;8;SENSORDATA;1.38;77.8;1.54;79.51;1.3;78.88;1.29;80.16;1.65;END;43868
5348;GPS;RMC;2024;12;12;GPS;GGA;11;11;26;7.43553;46.95227;19;0.7;561;49.5;RTCMEZ;2024;12;12;13;11;9;SENSORDATA;1.44;77.78;1.51;79.45;1.3;78.88;1.28;80.12;1.65;END;43869
5349;GPS;RMC;2024;12;12;GPS;GGA;11;11;27;7.43551;46.95225;19;0.7;560.8;49.5;RTCMEZ;2024;12;12;13;11;10;SENSORDATA;1.41;77.76;1.55;79.45;1.29;78.85;1.27;80.1;1.65;END;43870
5350;GPS;RMC;2024;12;12;GPS;GGA;11;11;29;7.4355;46.95222;19;0.7;560.7;49.5;RTCMEZ;2024;12;12;13;11;11;SENSORDATA;1.41;77.75;1.5;79.47;1.33;78.83;1.28;80.06;1.65;END;43871
5351;GPS;RMC;2024;12;12;GPS;GGA;11;11;30;7.43549;46.9522;19;0.7;560.6;49.5;RTCMEZ;2024;12;12;13;11;13;SENSORDATA;1.42;77.72;1.57;79.47;1.33;78.77;1.29;80.05;1.65;END;43873
5352;GPS;RMC;2024;12;12;GPS;GGA;11;11;31;7.43547;46.95218;19;0.7;560.9;49.5;RTCMEZ;2024;12;12;13;11;14;SENSORDATA;1.42;77.69;1.5;79.43;1.32;78.79;1.29;80.05;1.65;END;43874
5353;GPS;RMC;2024;12;12;GPS;GGA;11;11;32;7.43546;46.95217;19;0.7;561;49.5;RTCMEZ;2024;12;12;13;11;15;SENSORDATA;1.44;77.72;1.53;79.42;1.34;78.8;1.32;80.01;1.65;END;43875
5354;GPS;RMC;2024;12;12;GPS;GGA;11;11;34;7.43544;46.95213;19;0.7;561.5;49.5;RTCMEZ;2024;12;12;13;11;16;SENSORDATA;1.42;77.64;1.49;79.41;1.39;78.77;1.31;80;1.65;END;43876
5355;GPS;RMC;2024;12;12;GPS;GGA;11;11;35;7.43543;46.95212;19;0.7;561.3;49.5;RTCMEZ;2024;12;12;13;11;18;SENSORDATA;1.47;77.67;1.54;79.38;1.34;78.77;1.35;80.03;1.65;END;43878
5356;GPS;RMC;2024;12;12;GPS;GGA;11;11;36;7.43542;46.9521;19;0.7;561.2;49.5;RTCMEZ;2024;12;12;13;11;19;SENSORDATA;1.41;77.59;1.54;79.38;1.36;78.77;1.32;80.03;1.65;END;43879
5357;GPS;RMC;2024;12;12;GPS;GGA;11;11;37;7.43541;46.95209;19;0.7;561.1;49.5;RTCMEZ;2024;12;12;13;11;20;SENSORDATA;1.44;77.64;1.54;79.36;1.39;78.71;1.34;79.98;1.65;END;43880
5358;GPS;RMC;2024;12;12;GPS;GGA;11;11;38;7.4354;46.95208;19;0.7;560.8;49.5;RTCMEZ;2024;12;12;13;11;21;SENSORDATA;1.47;77.58;1.53;79.39;1.32;78.69;1.28;79.9;1.65;END;43881
5359;GPS;RMC;2024;12;12;GPS;GGA;11;11;40;7.43539;46.95207;19;0.7;560.7;49.5;RTCMEZ;2024;12;12;13;11;22;SENSORDATA;1.48;77.6;1.51;79.36;1.33;78.68;1.34;79.94;1.65;END;43882
5360;GPS;RMC;2024;12;12;GPS;GGA;11;11;41;7.43539;46.95207;19;0.7;560.8;49.5;RTCMEZ;2024;12;12;13;11;24;SENSORDATA;1.44;77.58;1.51;79.31;1.36;78.68;1.35;79.93;1.65;END;43884
5361;GPS;RMC;2024;12;12;GPS;GGA;11;11;42;7.43538;46.95206;19;0.7;561;49.5;RTCMEZ;2024;12;12;13;11;25;SENSORDATA;1.44;77.57;1.55;79.26;1.33;78.6;1.31;79.87;1.65;END;43885
5362;GPS;RMC;2024;12;12;GPS;GGA;11;11;43;7.43537;46.95206;19;0.7;560.7;49.5;RTCMEZ;2024;12;12;13;11;26;SENSORDATA;1.45;77.54;1.55;79.34;1.39;78.67;1.35;79.84;1.65;END;43886
5363;GPS;RMC;2024;12;12;GPS;GGA;11;11;44;7.43537;46.95206;19;0.7;560.7;49.5;RTCMEZ;2024;12;12;13;11;27;SENSORDATA;1.45;77.53;1.55;79.28;1.34;78.58;1.38;79.86;1.65;END;43887
5364;GPS;RMC;2024;12;12;GPS;GGA;11;11;46;7.43535;46.95203;19;0.7;560.2;49.5;RTCMEZ;2024;12;12;13;11;28;SENSORDATA;1.44;77.5;1.54;79.29;1.37;78.59;1.31;79.76;1.65;END;43888
5365;GPS;RMC;2024;12;12;GPS;GGA;11;11;47;7.43534;46.95202;19;0.7;559.9;49.5;RTCMEZ;2024;12;12;13;11;30;SENSORDATA;1.42;77.57;1.55;79.25;1.34;78.57;1.32;79.77;1.65;END;43890
5366;GPS;RMC;2024;12;12;GPS;GGA;11;11;48;7.43533;46.952;19;0.7;559.9;49.5;RTCMEZ;2024;12;12;13;11;31;SENSORDATA;1.48;77.48;1.57;79.23;1.36;78.5;1.32;79.79;1.65;END;43891
5367;GPS;RMC;2024;12;12;GPS;GGA;11;11;49;7.43532;46.95199;18;0.7;560.1;49.5;RTCMEZ;2024;12;12;13;11;32;SENSORDATA;1.44;77.42;1.53;79.27;1.37;78.53;1.32;79.75;1.65;END;43892
5368;GPS;RMC;2024;12;12;GPS;GGA;11;11;51;7.43529;46.95196;18;0.7;560.1;49.5;RTCMEZ;2024;12;12;13;11;33;SENSORDATA;1.47;77.44;1.53;79.14;1.33;78.5;1.32;79.71;1.65;END;43893
5369;GPS;RMC;2024;12;12;GPS;GGA;11;11;52;7.43528;46.95195;19;0.7;560.2;49.5;RTCMEZ;2024;12;12;13;11;35;SENSORDATA;1.44;77.4;1.54;79.17;1.39;78.49;1.34;79.64;1.65;END;43895
5370;GPS;RMC;2024;12;12;GPS;GGA;11;11;53;7.43527;46.95194;19;0.7;560.1;49.5;RTCMEZ;2024;12;12;13;11;36;SENSORDATA;1.44;77.42;1.53;79.12;1.36;78.42;1.34;79.63;1.65;END;43896
5371;GPS;RMC;2024;12;12;GPS;GGA;11;11;54;7.43526;46.95192;19;0.7;560;49.5;RTCMEZ;2024;12;12;13;11;37;SENSORDATA;1.45;77.38;1.53;79.18;1.36;78.38;1.35;79.61;1.65;END;43897
5372;GPS;RMC;2024;12;12;GPS;GGA;11;11;55;7.43525;46.95191;19;0.7;560;49.5;RTCMEZ;2024;12;12;13;11;38;SENSORDATA;1.47;77.39;1.6;79.09;1.39;78.42;1.35;79.65;1.65;END;43898
5373;GPS;RMC;2024;12;12;GPS;GGA;11;11;57;7.43524;46.95189;19;0.7;560;49.5;RTCMEZ;2024;12;12;13;11;39;SENSORDATA;1.44;77.4;1.53;79.06;1.39;78.42;1.34;79.62;1.65;END;43899
5374;GPS;RMC;2024;12;12;GPS;GGA;11;11;58;7.43523;46.95189;19;0.7;559.3;49.5;RTCMEZ;2024;12;12;13;11;41;SENSORDATA;1.42;77.29;1.58;79.08;1.39;78.35;1.35;79.65;1.65;END;43901
5375;GPS;RMC;2024;12;12;GPS;GGA;11;11;59;7.43524;46.95189;19;0.7;558.5;49.5;RTCMEZ;2024;12;12;13;11;42;SENSORDATA;1.48;77.33;1.54;79.12;1.37;78.48;1.35;79.68;1.65;END;43902
5376;GPS;RMC;2024;12;12;GPS;GGA;11;12;0;7.43525;46.95189;19;0.7;558;49.5;RTCMEZ;2024;12;12;13;11;43;SENSORDATA;1.49;77.33;1.54;79.08;1.4;78.43;1.35;79.73;1.65;END;43903
5377;GPS;RMC;2024;12;12;GPS;GGA;11;12;1;7.43526;46.95188;19;0.7;557.5;49.5;RTCMEZ;2024;12;12;13;11;44;SENSORDATA;1.45;77.34;1.54;79.1;1.39;78.44;1.38;79.73;1.65;END;43904
5378;GPS;RMC;2024;12;12;GPS;GGA;11;12;3;7.43529;46.95186;19;0.7;557.1;49.5;RTCMEZ;2024;12;12;13;11;45;SENSORDATA;1.44;77.34;1.57;79.1;1.39;78.53;1.32;79.7;1.65;END;43905
5379;GPS;RMC;2024;12;12;GPS;GGA;11;12;4;7.43531;46.95185;19;0.7;557.5;49.5;RTCMEZ;2024;12;12;13;11;47;SENSORDATA;1.51;77.41;1.55;79.19;1.39;78.49;1.34;79.73;1.65;END;43907
5380;GPS;RMC;2024;12;12;GPS;GGA;11;12;5;7.43533;46.95185;19;0.7;557.6;49.5;RTCMEZ;2024;12;12;13;11;48;SENSORDATA;1.48;77.46;1.54;79.17;1.39;78.57;1.35;79.81;1.65;END;43908
5381;GPS;RMC;2024;12;12;GPS;GGA;11;12;6;7.43535;46.95184;19;0.7;557.6;49.5;RTCMEZ;2024;12;12;13;11;49;SENSORDATA;1.48;77.46;1.51;79.19;1.39;78.64;1.35;79.86;1.65;END;43909
5382;GPS;RMC;2024;12;12;GPS;GGA;11;12;7;7.43537;46.95183;19;0.7;557.7;49.5;RTCMEZ;2024;12;12;13;11;50;SENSORDATA;1.45;77.5;1.54;79.24;1.4;78.65;1.38;79.9;1.65;END;43910
5383;GPS;RMC;2024;12;12;GPS;GGA;11;12;9;7.43541;46.95183;19;0.7;558.3;49.5;RTCMEZ;2024;12;12;13;11;52;SENSORDATA;1.44;77.53;1.54;79.32;1.41;78.79;1.36;79.95;1.65;END;43912
5384;GPS;RMC;2024;12;12;GPS;GGA;11;12;10;7.43543;46.95182;19;0.7;558.4;49.5;RTCMEZ;2024;12;12;13;11;53;SENSORDATA;1.48;77.59;1.53;79.36;1.4;78.73;1.38;79.98;1.65;END;43913
5385;GPS;RMC;2024;12;12;GPS;GGA;11;12;11;7.43545;46.95182;19;0.7;558.8;49.5;RTCMEZ;2024;12;12;13;11;54;SENSORDATA;1.47;77.63;1.58;79.44;1.39;78.85;1.34;80;1.65;END;43914
5386;GPS;RMC;2024;12;12;GPS;GGA;11;12;12;7.43548;46.95181;19;0.7;559.1;49.5;RTCMEZ;2024;12;12;13;11;55;SENSORDATA;1.47;77.8;1.51;79.51;1.39;78.86;1.35;80.1;1.65;END;43915
5387;GPS;RMC;2024;12;12;GPS;GGA;11;12;14;7.43552;46.95181;19;0.7;559.4;49.5;RTCMEZ;2024;12;12;13;11;56;SENSORDATA;1.47;77.84;1.54;79.56;1.4;78.87;1.36;80.17;1.65;END;43916
5388;GPS;RMC;2024;12;12;GPS;GGA;11;12;15;7.43555;46.95181;19;0.7;559.6;49.5;RTCMEZ;2024;12;12;13;11;58;SENSORDATA;1.44;77.99;1.51;79.6;1.41;78.93;1.39;80.17;1.65;END;43918
5389;GPS;RMC;2024;12;12;GPS;GGA;11;12;16;7.43557;46.9518;19;0.7;559.8;49.5;RTCMEZ;2024;12;12;13;11;59;SENSORDATA;1.44;77.98;1.54;79.67;1.41;78.96;1.39;80.24;1.65;END;43919
5390;GPS;RMC;2024;12;12;GPS;GGA;11;12;17;7.4356;46.9518;19;0.7;560;49.5;RTCMEZ;2024;12;12;13;12;0;SENSORDATA;1.51;78.05;1.54;79.62;1.39;78.98;1.38;80.14;1.65;END;43920
5391;GPS;RMC;2024;12;12;GPS;GGA;11;12;18;7.43562;46.9518;19;0.7;560.1;49.5;RTCMEZ;2024;12;12;13;12;1;SENSORDATA;1.48;77.99;1.54;79.58;1.41;78.93;1.35;80.2;1.65;END;43921
5392;GPS;RMC;2024;12;12;GPS;GGA;11;12;20;7.43567;46.95179;19;0.7;560.8;49.5;RTCMEZ;2024;12;12;13;12;2;SENSORDATA;1.39;77.96;1.57;79.6;1.46;78.97;1.36;80.13;1.65;END;43922
5393;GPS;RMC;2024;12;12;GPS;GGA;11;12;21;7.43569;46.9518;19;0.7;561.3;49.5;RTCMEZ;2024;12;12;13;12;4;SENSORDATA;1.44;77.91;1.58;79.64;1.39;78.9;1.32;80.17;1.65;END;43924
5394;GPS;RMC;2024;12;12;GPS;GGA;11;12;22;7.43571;46.9518;19;0.7;561.8;49.5;RTCMEZ;2024;12;12;13;12;5;SENSORDATA;1.45;77.87;1.54;79.55;1.4;78.88;1.36;80.07;1.65;END;43925
5395;GPS;RMC;2024;12;12;GPS;GGA;11;12;23;7.43574;46.95179;19;0.7;562.1;49.5;RTCMEZ;2024;12;12;13;12;6;SENSORDATA;1.45;77.86;1.54;79.57;1.41;78.84;1.36;80.08;1.65;END;43926
5396;GPS;RMC;2024;12;12;GPS;GGA;11;12;24;7.43576;46.95179;19;0.7;562;49.5;RTCMEZ;2024;12;12;13;12;7;SENSORDATA;1.45;77.86;1.51;79.48;1.43;78.79;1.4;80.06;1.65;END;43927
5397;GPS;RMC;2024;12;12;GPS;GGA;11;12;26;7.43581;46.95179;19;0.7;562.3;49.5;RTCMEZ;2024;12;12;13;12;9;SENSORDATA;1.45;77.79;1.55;79.53;1.43;78.81;1.35;80.04;1.65;END;43929
5398;GPS;RMC;2024;12;12;GPS;GGA;11;12;27;7.43584;46.95178;19;0.7;562.3;49.5;RTCMEZ;2024;12;12;13;12;10;SENSORDATA;1.48;77.75;1.58;79.5;1.43;78.81;1.34;80;1.65;END;43930
5399;GPS;RMC;2024;12;12;GPS;GGA;11;12;28;7.43586;46.95177;19;0.7;562.3;49.5;RTCMEZ;2024;12;12;13;12;11;SENSORDATA;1.45;77.7;1.53;79.48;1.43;78.75;1.39;80;1.65;END;43931
5400;GPS;RMC;2024;12;12;GPS;GGA;11;12;29;7.43588;46.95177;19;0.7;562.4;49.5;RTCMEZ;2024;12;12;13;12;12;SENSORDATA;1.44;77.69;1.57;79.46;1.43;78.78;1.38;80.03;1.65;END;43932
5401;GPS;RMC;2024;12;12;GPS;GGA;11;12;30;7.4359;46.95176;19;0.7;562.7;49.5;RTCMEZ;2024;12;12;13;12;13;SENSORDATA;1.44;77.67;1.55;79.43;1.41;78.73;1.36;79.96;1.65;END;43933
5402;GPS;RMC;2024;12;12;GPS;GGA;11;12;32;7.43594;46.95175;19;0.7;562.6;49.5;RTCMEZ;2024;12;12;13;12;15;SENSORDATA;1.49;77.71;1.57;79.47;1.39;78.75;1.36;79.96;1.65;END;43935
5403;GPS;RMC;2024;12;12;GPS;GGA;11;12;33;7.43597;46.95175;19;0.7;562.8;49.5;RTCMEZ;2024;12;12;13;12;16;SENSORDATA;1.47;77.69;1.55;79.46;1.4;78.76;1.38;80.02;1.65;END;43936
5404;GPS;RMC;2024;12;12;GPS;GGA;11;12;34;7.43599;46.95175;19;0.7;562.9;49.5;RTCMEZ;2024;12;12;13;12;17;SENSORDATA;1.42;77.7;1.55;79.46;1.4;78.78;1.35;80.04;1.65;END;43937
5405;GPS;RMC;2024;12;12;GPS;GGA;11;12;35;7.43601;46.95175;19;0.7;563;49.5;RTCMEZ;2024;12;12;13;12;18;SENSORDATA;1.45;77.71;1.57;79.45;1.39;78.77;1.39;79.99;1.65;END;43938
5406;GPS;RMC;2024;12;12;GPS;GGA;11;12;37;7.43606;46.95174;19;0.7;562.9;49.5;RTCMEZ;2024;12;12;13;12;19;SENSORDATA;1.44;77.7;1.58;79.43;1.44;78.8;1.39;80.01;1.65;END;43939
5407;GPS;RMC;2024;12;12;GPS;GGA;11;12;38;7.43608;46.95174;19;0.7;562.8;49.5;RTCMEZ;2024;12;12;13;12;21;SENSORDATA;1.42;77.7;1.58;79.46;1.4;78.74;1.38;79.97;1.65;END;43941
5408;GPS;RMC;2024;12;12;GPS;GGA;11;12;39;7.4361;46.95174;19;0.7;562.8;49.5;RTCMEZ;2024;12;12;13;12;22;SENSORDATA;1.41;77.72;1.51;79.45;1.39;78.71;1.32;80.07;1.65;END;43942
5409;GPS;RMC;2024;12;12;GPS;GGA;11;12;40;7.43613;46.95173;19;0.7;562.8;49.5;RTCMEZ;2024;12;12;13;12;23;SENSORDATA;1.45;77.72;1.53;79.47;1.39;78.67;1.32;79.97;1.65;END;43943
5410;GPS;RMC;2024;12;12;GPS;GGA;11;12;41;7.43615;46.95173;19;0.7;562.9;49.5;RTCMEZ;2024;12;12;13;12;24;SENSORDATA;1.44;77.66;1.54;79.46;1.36;78.68;1.39;79.94;1.65;END;43944
5411;GPS;RMC;2024;12;12;GPS;GGA;11;12;43;7.43619;46.95173;19;0.7;563.3;49.5;RTCMEZ;2024;12;12;13;12;26;SENSORDATA;1.41;77.7;1.55;79.45;1.41;78.66;1.38;79.96;1.65;END;43946
5412;GPS;RMC;2024;12;12;GPS;GGA;11;12;44;7.43622;46.95173;18;0.7;563.5;49.5;RTCMEZ;2024;12;12;13;12;27;SENSORDATA;1.47;77.72;1.54;79.38;1.34;78.61;1.35;79.89;1.65;END;43947
5413;GPS;RMC;2024;12;12;GPS;GGA;11;12;45;7.43624;46.95173;18;0.7;563.7;49.5;RTCMEZ;2024;12;12;13;12;28;SENSORDATA;1.42;77.58;1.53;79.39;1.36;78.6;1.36;79.89;1.65;END;43948
5414;GPS;RMC;2024;12;12;GPS;GGA;11;12;46;7.43626;46.95173;18;0.7;564.1;49.5;RTCMEZ;2024;12;12;13;12;29;SENSORDATA;1.41;77.57;1.5;79.35;1.41;78.62;1.35;79.82;1.65;END;43949
5415;GPS;RMC;2024;12;12;GPS;GGA;11;12;47;7.43629;46.95172;18;0.7;564.7;49.5;RTCMEZ;2024;12;12;13;12;30;SENSORDATA;1.42;77.49;1.51;79.32;1.36;78.49;1.34;79.78;1.65;END;43950
5416;GPS;RMC;2024;12;12;GPS;GGA;11;12;49;7.43633;46.95172;18;0.7;565.6;49.5;RTCMEZ;2024;12;12;13;12;32;SENSORDATA;1.41;77.5;1.54;79.26;1.36;78.49;1.35;79.73;1.65;END;43952
5417;GPS;RMC;2024;12;12;GPS;GGA;11;12;50;7.43636;46.95171;18;0.7;566.2;49.5;RTCMEZ;2024;12;12;13;12;33;SENSORDATA;1.41;77.46;1.53;79.24;1.34;78.45;1.29;79.7;1.65;END;43953
5418;GPS;RMC;2024;12;12;GPS;GGA;11;12;51;7.43638;46.95171;18;0.7;566.7;49.5;RTCMEZ;2024;12;12;13;12;34;SENSORDATA;1.39;77.47;1.53;79.21;1.37;78.42;1.32;79.63;1.65;END;43954
5419;GPS;RMC;2024;12;12;GPS;GGA;11;12;52;7.4364;46.9517;18;0.7;567.2;49.5;RTCMEZ;2024;12;12;13;12;35;SENSORDATA;1.38;77.44;1.44;79.15;1.32;78.38;1.32;79.6;1.65;END;43955
5420;GPS;RMC;2024;12;12;GPS;GGA;11;12;53;7.43643;46.9517;18;0.7;567.1;49.5;RTCMEZ;2024;12;12;13;12;37;SENSORDATA;1.37;77.37;1.49;79.15;1.33;78.32;1.32;79.62;1.65;END;43957
5421;GPS;RMC;2024;12;12;GPS;GGA;11;12;55;7.43647;46.9517;18;0.7;567.7;49.5;RTCMEZ;2024;12;12;13;12;38;SENSORDATA;1.39;77.41;1.5;79.13;1.4;78.36;1.32;79.54;1.65;END;43958
5422;GPS;RMC;2024;12;12;GPS;GGA;11;12;56;7.43649;46.9517;19;0.7;568.7;49.5;RTCMEZ;2024;12;12;13;12;39;SENSORDATA;1.41;77.35;1.46;79.08;1.32;78.31;1.28;79.53;1.65;END;43959
5423;GPS;RMC;2024;12;12;GPS;GGA;11;12;57;7.43652;46.9517;19;0.7;569.6;49.5;RTCMEZ;2024;12;12;13;12;40;SENSORDATA;1.32;77.34;1.49;79.12;1.29;78.27;1.28;79.51;1.65;END;43960
5424;GPS;RMC;2024;12;12;GPS;GGA;11;12;58;7.43654;46.95169;19;0.7;570.1;49.5;RTCMEZ;2024;12;12;13;12;41;SENSORDATA;1.39;77.35;1.5;79.13;1.34;78.3;1.28;79.48;1.65;END;43961
5425;GPS;RMC;2024;12;12;GPS;GGA;11;13;0;7.43659;46.95169;19;0.7;570.6;49.5;RTCMEZ;2024;12;12;13;12;43;SENSORDATA;1.35;77.35;1.49;79.14;1.33;78.2;1.28;79.48;1.65;END;43963
5426;GPS;RMC;2024;12;12;GPS;GGA;11;13;1;7.43662;46.9517;19;0.7;570.9;49.5;RTCMEZ;2024;12;12;13;12;44;SENSORDATA;1.37;77.34;1.47;79.11;1.34;78.23;1.29;79.46;1.65;END;43964
5427;GPS;RMC;2024;12;12;GPS;GGA;11;13;2;7.43664;46.9517;19;0.7;571.5;49.5;RTCMEZ;2024;12;12;13;12;45;SENSORDATA;1.38;77.33;1.46;79.08;1.36;78.29;1.32;79.47;1.65;END;43965
5428;GPS;RMC;2024;12;12;GPS;GGA;11;13;3;7.43666;46.9517;19;0.7;571.6;49.5;RTCMEZ;2024;12;12;13;12;46;SENSORDATA;1.38;77.34;1.49;79.09;1.36;78.27;1.31;79.53;1.65;END;43966
5429;GPS;RMC;2024;12;12;GPS;GGA;11;13;4;7.43669;46.9517;19;0.7;571.9;49.5;RTCMEZ;2024;12;12;13;12;47;SENSORDATA;1.39;77.34;1.47;79.1;1.3;78.28;1.34;79.52;1.65;END;43967
5430;GPS;RMC;2024;12;12;GPS;GGA;11;13;6;7.43673;46.9517;19;0.7;572.7;49.5;RTCMEZ;2024;12;12;13;12;49;SENSORDATA;1.34;77.34;1.47;79.04;1.36;78.26;1.29;79.49;1.65;END;43969
5431;GPS;RMC;2024;12;12;GPS;GGA;11;13;7;7.43676;46.9517;19;0.7;573.1;49.5;RTCMEZ;2024;12;12;13;12;50;SENSORDATA;1.37;77.35;1.46;79.06;1.34;78.22;1.31;79.49;1.65;END;43970
5432;GPS;RMC;2024;12;12;GPS;GGA;11;13;8;7.43678;46.9517;19;0.7;573.4;49.5;RTCMEZ;2024;12;12;13;12;51;SENSORDATA;1.37;77.41;1.44;79.08;1.3;78.27;1.27;79.53;1.65;END;43971
5433;GPS;RMC;2024;12;12;GPS;GGA;11;13;9;7.4368;46.9517;19;0.7;573.9;49.5;RTCMEZ;2024;12;12;13;12;52;SENSORDATA;1.37;77.45;1.46;79.08;1.34;78.28;1.27;79.51;1.65;END;43972
5434;GPS;RMC;2024;12;12;GPS;GGA;11;13;10;7.43682;46.9517;19;0.7;574.2;49.5;RTCMEZ;2024;12;12;13;12;54;SENSORDATA;1.32;77.39;1.46;79.11;1.32;78.27;1.29;79.55;1.65;END;43974
5435;GPS;RMC;2024;12;12;GPS;GGA;11;13;12;7.43687;46.95169;19;0.7;574.5;49.5;RTCMEZ;2024;12;12;13;12;55;SENSORDATA;1.38;77.41;1.51;79.14;1.33;78.33;1.31;79.47;1.65;END;43975
5436;GPS;RMC;2024;12;12;GPS;GGA;11;13;13;7.43689;46.95169;19;0.7;575;49.5;RTCMEZ;2024;12;12;13;12;56;SENSORDATA;1.37;77.43;1.47;79.18;1.3;78.29;1.31;79.58;1.65;END;43976
5437;GPS;RMC;2024;12;12;GPS;GGA;11;13;14;7.43691;46.95169;19;0.7;574.9;49.5;RTCMEZ;2024;12;12;13;12;57;SENSORDATA;1.37;77.57;1.47;79.25;1.33;78.31;1.27;79.47;1.65;END;43977
5438;GPS;RMC;2024;12;12;GPS;GGA;11;13;15;7.43694;46.95169;18;0.7;574.9;49.5;RTCMEZ;2024;12;12;13;12;58;SENSORDATA;1.37;77.47;1.42;79.2;1.32;78.33;1.31;79.57;1.65;END;43978
5439;GPS;RMC;2024;12;12;GPS;GGA;11;13;16;7.436948;46.95169;18;0.7;574.9;49.5;RTCMEZ;2024;12;12;13;13;0;SENSORDATA;1.38;77.51;1.49;79.26;1.36;78.37;1.28;79.54;1.65;END;43980
5440;GPS;RMC;2024;12;12;GPS;GGA;11;13;18;7.437;46.95169;18;0.7;575.5;49.5;RTCMEZ;2024;12;12;13;13;1;SENSORDATA;1.37;77.47;1.47;79.24;1.34;78.34;1.27;79.54;1.65;END;43981
5441;GPS;RMC;2024;12;12;GPS;GGA;11;13;19;7.437;46.95169;18;0.7;575.5;49.5;RTCMEZ;2024;12;12;13;13;2;SENSORDATA;1.41;77.58;1.43;79.19;1.34;78.35;1.32;79.56;1.65;END;43982
5442;GPS;RMC;2024;12;12;GPS;GGA;11;13;20;7.43701;46.9517;19;0.7;575.5;49.5;RTCMEZ;2024;12;12;13;13;3;SENSORDATA;1.39;77.55;1.44;79.28;1.33;78.4;1.28;79.57;1.65;END;43983
5443;GPS;RMC;2024;12;12;GPS;GGA;11;13;21;7.43701;46.9517;19;0.7;575.5;49.5;RTCMEZ;2024;12;12;13;13;4;SENSORDATA;1.39;77.56;1.51;79.3;1.3;78.38;1.31;79.6;1.65;END;43984
5444;GPS;RMC;2024;12;12;GPS;GGA;11;13;23;7.43704;46.9517;19;0.7;575.1;49.5;RTCMEZ;2024;12;12;13;13;6;SENSORDATA;1.38;77.6;1.49;79.32;1.39;78.42;1.32;79.59;1.65;END;43986
5445;GPS;RMC;2024;12;12;GPS;GGA;11;13;24;7.43704;46.9517;19;0.7;575.1;49.5;RTCMEZ;2024;12;12;13;13;7;SENSORDATA;1.35;77.59;1.47;79.32;1.34;78.36;1.27;79.61;1.65;END;43987
5446;GPS;RMC;2024;12;12;GPS;GGA;11;13;25;7.43705;46.9517;19;0.7;575.2;49.5;RTCMEZ;2024;12;12;13;13;8;SENSORDATA;1.38;77.55;1.5;79.33;1.39;78.44;1.28;79.67;1.65;END;43988
5447;GPS;RMC;2024;12;12;GPS;GGA;11;13;26;7.43705;46.9517;19;0.7;575.1;49.5;RTCMEZ;2024;12;12;13;13;9;SENSORDATA;1.38;77.62;1.5;79.42;1.33;78.45;1.29;79.67;1.65;END;43989
5448;GPS;RMC;2024;12;12;GPS;GGA;11;13;27;7.43705;46.9517;19;0.7;575.1;49.5;RTCMEZ;2024;12;12;13;13;11;SENSORDATA;1.39;77.55;1.47;79.38;1.37;78.46;1.28;79.75;1.65;END;43991
5449;GPS;RMC;2024;12;12;GPS;GGA;11;13;29;7.43706;46.9517;19;0.7;574.8;49.5;RTCMEZ;2024;12;12;13;13;12;SENSORDATA;1.44;77.63;1.51;79.49;1.39;78.54;1.32;79.78;1.65;END;43992
5450;GPS;RMC;2024;12;12;GPS;GGA;11;13;30;7.43706;46.9517;19;0.7;574.7;49.5;RTCMEZ;2024;12;12;13;13;13;SENSORDATA;1.41;77.67;1.46;79.46;1.4;78.49;1.31;79.74;1.65;END;43993
5451;GPS;RMC;2024;12;12;GPS;GGA;11;13;31;7.43706;46.9517;20;0.6;574.5;49.5;RTCMEZ;2024;12;12;13;13;14;SENSORDATA;1.38;77.67;1.46;79.52;1.37;78.53;1.29;79.73;1.65;END;43994
5452;GPS;RMC;2024;12;12;GPS;GGA;11;13;32;7.43706;46.9517;20;0.6;574.5;49.5;RTCMEZ;2024;12;12;13;13;15;SENSORDATA;1.39;77.7;1.51;79.58;1.41;78.6;1.34;79.79;1.65;END;43995
5453;GPS;RMC;2024;12;12;GPS;GGA;11;13;33;7.43707;46.9517;20;0.6;574.4;49.5;RTCMEZ;2024;12;12;13;13;17;SENSORDATA;1.37;77.68;1.51;79.59;1.39;78.67;1.32;79.82;1.65;END;43997
5454;GPS;RMC;2024;12;12;GPS;GGA;11;13;35;7.43707;46.9517;20;0.6;574.4;49.5;RTCMEZ;2024;12;12;13;13;18;SENSORDATA;1.45;77.78;1.5;79.63;1.39;78.73;1.31;79.86;1.65;END;43998
5455;GPS;RMC;2024;12;12;GPS;GGA;11;13;37;7.43707;46.9517;20;0.6;574.4;49.5;RTCMEZ;2024;12;12;13;13;19;SENSORDATA;1.39;77.75;1.51;79.65;1.41;78.72;1.34;79.9;1.65;END;43999
5456;GPS;RMC;2024;12;12;GPS;GGA;11;13;38;7.43707;46.9517;20;0.6;574.5;49.5;RTCMEZ;2024;12;12;13;13;20;SENSORDATA;1.39;77.83;1.44;79.73;1.4;78.72;1.34;79.85;1.65;END;44000
5457;GPS;RMC;2024;12;12;GPS;GGA;11;13;38;7.43707;46.9517;20;0.6;574.5;49.5;RTCMEZ;2024;12;12;13;13;21;SENSORDATA;1.39;77.87;1.49;79.73;1.36;78.76;1.35;79.94;1.65;END;44001
5458;GPS;RMC;2024;12;12;GPS;GGA;11;13;39;7.43707;46.9517;20;0.6;574.5;49.5;RTCMEZ;2024;12;12;13;13;23;SENSORDATA;1.39;77.86;1.49;79.8;1.4;78.84;1.39;79.95;1.65;END;44003
5459;GPS;RMC;2024;12;12;GPS;GGA;11;13;42;7.43708;46.9517;19;0.7;574.5;49.5;RTCMEZ;2024;12;12;13;13;24;SENSORDATA;1.38;77.86;1.5;79.79;1.41;78.88;1.35;79.96;1.65;END;44004
5460;GPS;RMC;2024;12;12;GPS;GGA;11;13;43;7.43708;46.9517;19;0.7;574.6;49.5;RTCMEZ;2024;12;12;13;13;25;SENSORDATA;1.44;77.97;1.53;79.83;1.44;78.88;1.39;80.03;1.65;END;44005
5461;GPS;RMC;2024;12;12;GPS;GGA;11;13;44;7.43709;46.9517;19;0.7;574.6;49.5;RTCMEZ;2024;12;12;13;13;26;SENSORDATA;1.41;77.92;1.47;79.86;1.39;78.9;1.35;80.06;1.65;END;44006
5462;GPS;RMC;2024;12;12;GPS;GGA;11;13;45;7.43709;46.9517;20;0.6;574.7;49.5;RTCMEZ;2024;12;12;13;13;28;SENSORDATA;1.39;77.96;1.47;79.84;1.44;78.92;1.34;80.15;1.65;END;44008
5463;GPS;RMC;2024;12;12;GPS;GGA;11;13;46;7.43709;46.9517;20;0.6;574.8;49.5;RTCMEZ;2024;12;12;13;13;29;SENSORDATA;1.45;77.9;1.51;79.9;1.41;78.94;1.36;80.12;1.65;END;44009
5464;GPS;RMC;2024;12;12;GPS;GGA;11;13;47;7.43709;46.9517;20;0.6;574.8;49.5;RTCMEZ;2024;12;12;13;13;30;SENSORDATA;1.41;78.02;1.53;79.9;1.4;78.95;1.34;80.1;1.65;END;44010
5465;GPS;RMC;2024;12;12;GPS;GGA;11;13;49;7.43709;46.9517;21;0.6;574.9;49.5;RTCMEZ;2024;12;12;13;13;31;SENSORDATA;1.41;77.98;1.51;79.91;1.39;78.97;1.32;80.12;1.65;END;44011
5466;GPS;RMC;2024;12;12;GPS;GGA;11;13;50;7.4371;46.9517;21;0.6;574.9;49.5;RTCMEZ;2024;12;12;13;13;32;SENSORDATA;1.41;77.96;1.53;79.93;1.4;78.9;1.35;80.07;1.65;END;44012
5467;GPS;RMC;2024;12;12;GPS;GGA;11;13;51;7.4371;46.9517;21;0.6;574.9;49.5;RTCMEZ;2024;12;12;13;13;34;SENSORDATA;1.41;77.94;1.51;79.93;1.41;78.94;1.34;80.03;1.65;END;44014
5468;GPS;RMC;2024;12;12;GPS;GGA;11;13;53;7.4371;46.9517;21;0.6;574.9;49.5;RTCMEZ;2024;12;12;13;13;35;SENSORDATA;1.42;77.95;1.51;79.98;1.46;78.9;1.39;80.04;1.65;END;44015
5469;GPS;RMC;2024;12;12;GPS;GGA;11;13;54;7.4371;46.9517;21;0.6;574.8;49.5;RTCMEZ;2024;12;12;13;13;36;SENSORDATA;1.38;77.93;1.55;80;1.44;78.94;1.35;79.99;1.65;END;44016
5470;GPS;RMC;2024;12;12;GPS;GGA;11;13;54;7.4371;46.9517;21;0.6;574.8;49.5;RTCMEZ;2024;12;12;13;13;37;SENSORDATA;1.44;77.94;1.49;79.95;1.46;78.94;1.36;79.97;1.65;END;44017
5471;GPS;RMC;2024;12;12;GPS;GGA;11;13;56;7.4371;46.95169;21;0.6;574.8;49.5;RTCMEZ;2024;12;12;13;13;38;SENSORDATA;1.45;77.95;1.54;80.07;1.41;78.88;1.34;79.92;1.65;END;44018
5472;GPS;RMC;2024;12;12;GPS;GGA;11;13;57;7.4371;46.95169;21;0.6;574.7;49.5;RTCMEZ;2024;12;12;13;13;40;SENSORDATA;1.44;77.96;1.47;80.11;1.4;78.87;1.38;80;1.65;END;44020
5473;GPS;RMC;2024;12;12;GPS;GGA;11;13;59;7.43711;46.95169;21;0.6;574.7;49.5;RTCMEZ;2024;12;12;13;13;41;SENSORDATA;1.39;78.02;1.51;80.15;1.44;78.85;1.32;79.97;1.65;END;44021
5474;GPS;RMC;2024;12;12;GPS;GGA;11;14;0;7.43711;46.95169;21;0.6;574.6;49.5;RTCMEZ;2024;12;12;13;13;42;SENSORDATA;1.39;77.94;1.5;80.26;1.44;78.87;1.36;79.94;1.65;END;44022
5475;GPS;RMC;2024;12;12;GPS;GGA;11;14;1;7.43711;46.95169;21;0.6;574.6;49.5;RTCMEZ;2024;12;12;13;13;43;SENSORDATA;1.42;77.94;1.53;80.4;1.4;78.82;1.38;79.9;1.65;END;44023
5476;GPS;RMC;2024;12;12;GPS;GGA;11;14;2;7.43711;46.95169;21;0.6;574.6;49.5;RTCMEZ;2024;12;12;13;13;45;SENSORDATA;1.39;77.94;1.5;80.41;1.44;78.84;1.36;79.9;1.65;END;44025
5477;GPS;RMC;2024;12;12;GPS;GGA;11;14;3;7.43711;46.95169;21;0.6;574.6;49.5;RTCMEZ;2024;12;12;13;13;46;SENSORDATA;1.47;77.95;1.54;80.51;1.47;78.87;1.39;79.88;1.65;END;44026
5478;GPS;RMC;2024;12;12;GPS;GGA;11;14;5;7.43711;46.95169;21;0.6;574.7;49.5;RTCMEZ;2024;12;12;13;13;47;SENSORDATA;1.39;77.93;1.53;80.51;1.43;78.83;1.39;79.83;1.65;END;44027
5479;GPS;RMC;2024;12;12;GPS;GGA;11;14;6;7.43711;46.9517;21;0.6;574.7;49.5;RTCMEZ;2024;12;12;13;13;48;SENSORDATA;1.42;77.93;1.51;80.55;1.4;78.78;1.38;79.83;1.65;END;44028
5480;GPS;RMC;2024;12;12;GPS;GGA;11;14;7;7.43711;46.9517;21;0.6;574.7;49.5;RTCMEZ;2024;12;12;13;13;49;SENSORDATA;1.45;77.96;1.55;80.59;1.47;78.78;1.39;79.71;1.65;END;44029
5481;GPS;RMC;2024;12;12;GPS;GGA;11;14;8;7.43711;46.9517;21;0.6;574.8;49.5;RTCMEZ;2024;12;12;13;13;51;SENSORDATA;1.41;77.95;1.54;80.61;1.49;78.8;1.36;79.72;1.65;END;44031
5482;GPS;RMC;2024;12;12;GPS;GGA;11;14;10;7.43711;46.9517;21;0.6;574.9;49.5;RTCMEZ;2024;12;12;13;13;52;SENSORDATA;1.42;77.92;1.5;80.57;1.43;78.77;1.38;79.71;1.65;END;44032
5483;GPS;RMC;2024;12;12;GPS;GGA;11;14;11;7.43711;46.9517;21;0.6;574.9;49.5;RTCMEZ;2024;12;12;13;13;53;SENSORDATA;1.44;77.91;1.55;80.54;1.49;78.74;1.42;79.66;1.65;END;44033
5484;GPS;RMC;2024;12;12;GPS;GGA;11;14;12;7.43711;46.9517;21;0.6;575;49.5;RTCMEZ;2024;12;12;13;13;54;SENSORDATA;1.42;77.89;1.53;80.5;1.44;78.78;1.4;79.64;1.65;END;44034
5485;GPS;RMC;2024;12;12;GPS;GGA;11;14;13;7.43711;46.95169;21;0.6;575;49.5;RTCMEZ;2024;12;12;13;13;55;SENSORDATA;1.45;77.96;1.54;80.47;1.44;78.77;1.36;79.6;1.65;END;44035
5486;GPS;RMC;2024;12;12;GPS;GGA;11;14;14;7.43711;46.9517;21;0.6;575.1;49.5;RTCMEZ;2024;12;12;13;13;57;SENSORDATA;1.45;77.96;1.5;80.41;1.43;78.72;1.39;79.52;1.65;END;44037
;;;;;;;;;;;;;;;;;;;;;;;;;;;;;;;;;;;
;;;;;;;;;;;;;;;;;;;;;;;;;;;;;;;;;;;
;;;;;;;;;;;;;;;;;;;;;;;;;;;;;;;;;;;
;;;;;;;;;;;;;;;;;;;;;;;;;;;;;;;;;;;
;;;;;;;;;;;;;;;;;;;;;;;;;;;;;;;;;;;
;;;;;;;;;;;;;;;;;;;;;;;;;;;;;;;;;;;
;;;;;;;;;;;;;;;;;;;;;;;;;;;;;;;;;;;
;;;;;;;;;;;;;;;;;;;;;;;;;;;;;;;;;;;
;;;;;;;;;;;;;;;;;;;;;;;;;;;;;;;;;;;
;;;;;;;;;;;;;;;;;;;;;;;;;;;;;;;;;;;
;;;;;;;;;;;;;;;;;;;;;;;;;;;;;;;;;;;
;;;;;;;;;;;;;;;;;;;;;;;;;;;;;;;;;;;
;;;;;;;;;;;;;;;;;;;;;;;;;;;;;;;;;;;
;;;;;;;;;;;;;;;;;;;;;;;;;;;;;;;;;;;
;;;;;;;;;;;;;;;;;;;;;;;;;;;;;;;;;;;
;;;;;;;;;;;;;;;;;;;;;;;;;;;;;;;;;;;
;;;;;;;;;;;;;;;;;;;;;;;;;;;;;;;;;;;
;;;;;;;;;;;;;;;;;;;;;;;;;;;;;;;;;;;
;;;;;;;;;;;;;;;;;;;;;;;;;;;;;;;;;;;
;;;;;;;;;;;;;;;;;;;;;;;;;;;;;;;;;;;
;;;;;;;;;;;;;;;;;;;;;;;;;;;;;;;;;;;
;;;;;;;;;;;;;;;;;;;;;;;;;;;;;;;;;;;
;;;;;;;;;;;;;;;;;;;;;;;;;;;;;;;;;;;
;;;;;;;;;;;;;;;;;;;;;;;;;;;;;;;;;;;
;;;;;;;;;;;;;;;;;;;;;;;;;;;;;;;;;;;
;;;;;;;;;;;;;;;;;;;;;;;;;;;;;;;;;;;
;;;;;;;;;;;;;;;;;;;;;;;;;;;;;;;;;;;
;;;;;;;;;;;;;;;;;;;;;;;;;;;;;;;;;;;
;;;;;;;;;;;;;;;;;;;;;;;;;;;;;;;;;;;
;;;;;;;;;;;;;;;;;;;;;;;;;;;;;;;;;;;
;;;;;;;;;;;;;;;;;;;;;;;;;;;;;;;;;;;
;;;;;;;;;;;;;;;;;;;;;;;;;;;;;;;;;;;
;;;;;;;;;;;;;;;;;;;;;;;;;;;;;;;;;;;
;;;;;;;;;;;;;;;;;;;;;;;;;;;;;;;;;;;
;;;;;;;;;;;;;;;;;;;;;;;;;;;;;;;;;;;
;;;;;;;;;;;;;;;;;;;;;;;;;;;;;;;;;;;
;;;;;;;;;;;;;;;;;;;;;;;;;;;;;;;;;;;
;;;;;;;;;;;;;;;;;;;;;;;;;;;;;;;;;;;
;;;;;;;;;;;;;;;;;;;;;;;;;;;;;;;;;;;
;;;;;;;;;;;;;;;;;;;;;;;;;;;;;;;;;;;
;;;;;;;;;;;;;;;;;;;;;;;;;;;;;;;;;;;
;;;;;;;;;;;;;;;;;;;;;;;;;;;;;;;;;;;
;;;;;;;;;;;;;;;;;;;;;;;;;;;;;;;;;;;
;;;;;;;;;;;;;;;;;;;;;;;;;;;;;;;;;;;
;;;;;;;;;;;;;;;;;;;;;;;;;;;;;;;;;;;
;;;;;;;;;;;;;;;;;;;;;;;;;;;;;;;;;;;
;;;;;;;;;;;;;;;;;;;;;;;;;;;;;;;;;;;
;;;;;;;;;;;;;;;;;;;;;;;;;;;;;;;;;;;
;;;;;;;;;;;;;;;;;;;;;;;;;;;;;;;;;;;
;;;;;;;;;;;;;;;;;;;;;;;;;;;;;;;;;;;
;;;;;;;;;;;;;;;;;;;;;;;;;;;;;;;;;;;
;;;;;;;;;;;;;;;;;;;;;;;;;;;;;;;;;;;
;;;;;;;;;;;;;;;;;;;;;;;;;;;;;;;;;;;
;;;;;;;;;;;;;;;;;;;;;;;;;;;;;;;;;;;
;;;;;;;;;;;;;;;;;;;;;;;;;;;;;;;;;;;
;;;;;;;;;;;;;;;;;;;;;;;;;;;;;;;;;;;
;;;;;;;;;;;;;;;;;;;;;;;;;;;;;;;;;;;
;;;;;;;;;;;;;;;;;;;;;;;;;;;;;;;;;;;
;;;;;;;;;;;;;;;;;;;;;;;;;;;;;;;;;;;
;;;;;;;;;;;;;;;;;;;;;;;;;;;;;;;;;;;
;;;;;;;;;;;;;;;;;;;;;;;;;;;;;;;;;;;
;;;;;;;;;;;;;;;;;;;;;;;;;;;;;;;;;;;
;;;;;;;;;;;;;;;;;;;;;;;;;;;;;;;;;;;
;;;;;;;;;;;;;;;;;;;;;;;;;;;;;;;;;;;
;;;;;;;;;;;;;;;;;;;;;;;;;;;;;;;;;;;
;;;;;;;;;;;;;;;;;;;;;;;;;;;;;;;;;;;
;;;;;;;;;;;;;;;;;;;;;;;;;;;;;;;;;;;
;;;;;;;;;;;;;;;;;;;;;;;;;;;;;;;;;;;
;;;;;;;;;;;;;;;;;;;;;;;;;;;;;;;;;;;
;;;;;;;;;;;;;;;;;;;;;;;;;;;;;;;;;;;
;;;;;;;;;;;;;;;;;;;;;;;;;;;;;;;;;;;
;;;;;;;;;;;;;;;;;;;;;;;;;;;;;;;;;;;
;;;;;;;;;;;;;;;;;;;;;;;;;;;;;;;;;;;
;;;;;;;;;;;;;;;;;;;;;;;;;;;;;;;;;;;
;;;;;;;;;;;;;;;;;;;;;;;;;;;;;;;;;;;
;;;;;;;;;;;;;;;;;;;;;;;;;;;;;;;;;;;
;;;;;;;;;;;;;;;;;;;;;;;;;;;;;;;;;;;
;;;;;;;;;;;;;;;;;;;;;;;;;;;;;;;;;;;
;;;;;;;;;;;;;;;;;;;;;;;;;;;;;;;;;;;
;;;;;;;;;;;;;;;;;;;;;;;;;;;;;;;;;;;
;;;;;;;;;;;;;;;;;;;;;;;;;;;;;;;;;;;
;;;;;;;;;;;;;;;;;;;;;;;;;;;;;;;;;;;
;;;;;;;;;;;;;;;;;;;;;;;;;;;;;;;;;;;
;;;;;;;;;;;;;;;;;;;;;;;;;;;;;;;;;;;
;;;;;;;;;;;;;;;;;;;;;;;;;;;;;;;;;;;
;;;;;;;;;;;;;;;;;;;;;;;;;;;;;;;;;;;
;;;;;;;;;;;;;;;;;;;;;;;;;;;;;;;;;;;
;;;;;;;;;;;;;;;;;;;;;;;;;;;;;;;;;;;
;;;;;;;;;;;;;;;;;;;;;;;;;;;;;;;;;;;
;;;;;;;;;;;;;;;;;;;;;;;;;;;;;;;;;;;
;;;;;;;;;;;;;;;;;;;;;;;;;;;;;;;;;;;
;;;;;;;;;;;;;;;;;;;;;;;;;;;;;;;;;;;
;;;;;;;;;;;;;;;;;;;;;;;;;;;;;;;;;;;
;;;;;;;;;;;;;;;;;;;;;;;;;;;;;;;;;;;
;;;;;;;;;;;;;;;;;;;;;;;;;;;;;;;;;;;
;;;;;;;;;;;;;;;;;;;;;;;;;;;;;;;;;;;
;;;;;;;;;;;;;;;;;;;;;;;;;;;;;;;;;;;
;;;;;;;;;;;;;;;;;;;;;;;;;;;;;;;;;;;
;;;;;;;;;;;;;;;;;;;;;;;;;;;;;;;;;;;
;;;;;;;;;;;;;;;;;;;;;;;;;;;;;;;;;;;
;;;;;;;;;;;;;;;;;;;;;;;;;;;;;;;;;;;
;;;;;;;;;;;;;;;;;;;;;;;;;;;;;;;;;;;
;;;;;;;;;;;;;;;;;;;;;;;;;;;;;;;;;;;
;;;;;;;;;;;;;;;;;;;;;;;;;;;;;;;;;;;
;;;;;;;;;;;;;;;;;;;;;;;;;;;;;;;;;;;
;;;;;;;;;;;;;;;;;;;;;;;;;;;;;;;;;;;
;;;;;;;;;;;;;;;;;;;;;;;;;;;;;;;;;;;
;;;;;;;;;;;;;;;;;;;;;;;;;;;;;;;;;;;
;;;;;;;;;;;;;;;;;;;;;;;;;;;;;;;;;;;
;;;;;;;;;;;;;;;;;;;;;;;;;;;;;;;;;;;
;;;;;;;;;;;;;;;;;;;;;;;;;;;;;;;;;;;
;;;;;;;;;;;;;;;;;;;;;;;;;;;;;;;;;;;
;;;;;;;;;;;;;;;;;;;;;;;;;;;;;;;;;;;
;;;;;;;;;;;;;;;;;;;;;;;;;;;;;;;;;;;
;;;;;;;;;;;;;;;;;;;;;;;;;;;;;;;;;;;
;;;;;;;;;;;;;;;;;;;;;;;;;;;;;;;;;;;
;;;;;;;;;;;;;;;;;;;;;;;;;;;;;;;;;;;
;;;;;;;;;;;;;;;;;;;;;;;;;;;;;;;;;;;
;;;;;;;;;;;;;;;;;;;;;;;;;;;;;;;;;;;
;;;;;;;;;;;;;;;;;;;;;;;;;;;;;;;;;;;
;;;;;;;;;;;;;;;;;;;;;;;;;;;;;;;;;;;
;;;;;;;;;;;;;;;;;;;;;;;;;;;;;;;;;;;
;;;;;;;;;;;;;;;;;;;;;;;;;;;;;;;;;;;
;;;;;;;;;;;;;;;;;;;;;;;;;;;;;;;;;;;
;;;;;;;;;;;;;;;;;;;;;;;;;;;;;;;;;;;
;;;;;;;;;;;;;;;;;;;;;;;;;;;;;;;;;;;
;;;;;;;;;;;;;;;;;;;;;;;;;;;;;;;;;;;
;;;;;;;;;;;;;;;;;;;;;;;;;;;;;;;;;;;
;;;;;;;;;;;;;;;;;;;;;;;;;;;;;;;;;;;
;;;;;;;;;;;;;;;;;;;;;;;;;;;;;;;;;;;
;;;;;;;;;;;;;;;;;;;;;;;;;;;;;;;;;;;
;;;;;;;;;;;;;;;;;;;;;;;;;;;;;;;;;;;
;;;;;;;;;;;;;;;;;;;;;;;;;;;;;;;;;;;
;;;;;;;;;;;;;;;;;;;;;;;;;;;;;;;;;;;
;;;;;;;;;;;;;;;;;;;;;;;;;;;;;;;;;;;
;;;;;;;;;;;;;;;;;;;;;;;;;;;;;;;;;;;
;;;;;;;;;;;;;;;;;;;;;;;;;;;;;;;;;;;
;;;;;;;;;;;;;;;;;;;;;;;;;;;;;;;;;;;
;;;;;;;;;;;;;;;;;;;;;;;;;;;;;;;;;;;
;;;;;;;;;;;;;;;;;;;;;;;;;;;;;;;;;;;
;;;;;;;;;;;;;;;;;;;;;;;;;;;;;;;;;;;
;;;;;;;;;;;;;;;;;;;;;;;;;;;;;;;;;;;
;;;;;;;;;;;;;;;;;;;;;;;;;;;;;;;;;;;
;;;;;;;;;;;;;;;;;;;;;;;;;;;;;;;;;;;
;;;;;;;;;;;;;;;;;;;;;;;;;;;;;;;;;;;
;;;;;;;;;;;;;;;;;;;;;;;;;;;;;;;;;;;
;;;;;;;;;;;;;;;;;;;;;;;;;;;;;;;;;;;
;;;;;;;;;;;;;;;;;;;;;;;;;;;;;;;;;;;
;;;;;;;;;;;;;;;;;;;;;;;;;;;;;;;;;;;
;;;;;;;;;;;;;;;;;;;;;;;;;;;;;;;;;;;
;;;;;;;;;;;;;;;;;;;;;;;;;;;;;;;;;;;
;;;;;;;;;;;;;;;;;;;;;;;;;;;;;;;;;;;
;;;;;;;;;;;;;;;;;;;;;;;;;;;;;;;;;;;
;;;;;;;;;;;;;;;;;;;;;;;;;;;;;;;;;;;
;;;;;;;;;;;;;;;;;;;;;;;;;;;;;;;;;;;
;;;;;;;;;;;;;;;;;;;;;;;;;;;;;;;;;;;
;;;;;;;;;;;;;;;;;;;;;;;;;;;;;;;;;;;
;;;;;;;;;;;;;;;;;;;;;;;;;;;;;;;;;;;
;;;;;;;;;;;;;;;;;;;;;;;;;;;;;;;;;;;
;;;;;;;;;;;;;;;;;;;;;;;;;;;;;;;;;;;
;;;;;;;;;;;;;;;;;;;;;;;;;;;;;;;;;;;
;;;;;;;;;;;;;;;;;;;;;;;;;;;;;;;;;;;
;;;;;;;;;;;;;;;;;;;;;;;;;;;;;;;;;;;
;;;;;;;;;;;;;;;;;;;;;;;;;;;;;;;;;;;
;;;;;;;;;;;;;;;;;;;;;;;;;;;;;;;;;;;
;;;;;;;;;;;;;;;;;;;;;;;;;;;;;;;;;;;
;;;;;;;;;;;;;;;;;;;;;;;;;;;;;;;;;;;
;;;;;;;;;;;;;;;;;;;;;;;;;;;;;;;;;;;
;;;;;;;;;;;;;;;;;;;;;;;;;;;;;;;;;;;
;;;;;;;;;;;;;;;;;;;;;;;;;;;;;;;;;;;
;;;;;;;;;;;;;;;;;;;;;;;;;;;;;;;;;;;
;;;;;;;;;;;;;;;;;;;;;;;;;;;;;;;;;;;
;;;;;;;;;;;;;;;;;;;;;;;;;;;;;;;;;;;
;;;;;;;;;;;;;;;;;;;;;;;;;;;;;;;;;;;
;;;;;;;;;;;;;;;;;;;;;;;;;;;;;;;;;;;
;;;;;;;;;;;;;;;;;;;;;;;;;;;;;;;;;;;
;;;;;;;;;;;;;;;;;;;;;;;;;;;;;;;;;;;
;;;;;;;;;;;;;;;;;;;;;;;;;;;;;;;;;;;
;;;;;;;;;;;;;;;;;;;;;;;;;;;;;;;;;;;
;;;;;;;;;;;;;;;;;;;;;;;;;;;;;;;;;;;
;;;;;;;;;;;;;;;;;;;;;;;;;;;;;;;;;;;
;;;;;;;;;;;;;;;;;;;;;;;;;;;;;;;;;;;
;;;;;;;;;;;;;;;;;;;;;;;;;;;;;;;;;;;
;;;;;;;;;;;;;;;;;;;;;;;;;;;;;;;;;;;
;;;;;;;;;;;;;;;;;;;;;;;;;;;;;;;;;;;
;;;;;;;;;;;;;;;;;;;;;;;;;;;;;;;;;;;
;;;;;;;;;;;;;;;;;;;;;;;;;;;;;;;;;;;
;;;;;;;;;;;;;;;;;;;;;;;;;;;;;;;;;;;
;;;;;;;;;;;;;;;;;;;;;;;;;;;;;;;;;;;
;;;;;;;;;;;;;;;;;;;;;;;;;;;;;;;;;;;
;;;;;;;;;;;;;;;;;;;;;;;;;;;;;;;;;;;
;;;;;;;;;;;;;;;;;;;;;;;;;;;;;;;;;;;
;;;;;;;;;;;;;;;;;;;;;;;;;;;;;;;;;;;
;;;;;;;;;;;;;;;;;;;;;;;;;;;;;;;;;;;
;;;;;;;;;;;;;;;;;;;;;;;;;;;;;;;;;;;
;;;;;;;;;;;;;;;;;;;;;;;;;;;;;;;;;;;
;;;;;;;;;;;;;;;;;;;;;;;;;;;;;;;;;;;
;;;;;;;;;;;;;;;;;;;;;;;;;;;;;;;;;;;
;;;;;;;;;;;;;;;;;;;;;;;;;;;;;;;;;;;
;;;;;;;;;;;;;;;;;;;;;;;;;;;;;;;;;;;
;;;;;;;;;;;;;;;;;;;;;;;;;;;;;;;;;;;
;;;;;;;;;;;;;;;;;;;;;;;;;;;;;;;;;;;
;;;;;;;;;;;;;;;;;;;;;;;;;;;;;;;;;;;
;;;;;;;;;;;;;;;;;;;;;;;;;;;;;;;;;;;
;;;;;;;;;;;;;;;;;;;;;;;;;;;;;;;;;;;
;;;;;;;;;;;;;;;;;;;;;;;;;;;;;;;;;;;
;;;;;;;;;;;;;;;;;;;;;;;;;;;;;;;;;;;
;;;;;;;;;;;;;;;;;;;;;;;;;;;;;;;;;;;
;;;;;;;;;;;;;;;;;;;;;;;;;;;;;;;;;;;
;;;;;;;;;;;;;;;;;;;;;;;;;;;;;;;;;;;
;;;;;;;;;;;;;;;;;;;;;;;;;;;;;;;;;;;
;;;;;;;;;;;;;;;;;;;;;;;;;;;;;;;;;;;
;;;;;;;;;;;;;;;;;;;;;;;;;;;;;;;;;;;
;;;;;;;;;;;;;;;;;;;;;;;;;;;;;;;;;;;
;;;;;;;;;;;;;;;;;;;;;;;;;;;;;;;;;;;
;;;;;;;;;;;;;;;;;;;;;;;;;;;;;;;;;;;
;;;;;;;;;;;;;;;;;;;;;;;;;;;;;;;;;;;
;;;;;;;;;;;;;;;;;;;;;;;;;;;;;;;;;;;
;;;;;;;;;;;;;;;;;;;;;;;;;;;;;;;;;;;
;;;;;;;;;;;;;;;;;;;;;;;;;;;;;;;;;;;
;;;;;;;;;;;;;;;;;;;;;;;;;;;;;;;;;;;
;;;;;;;;;;;;;;;;;;;;;;;;;;;;;;;;;;;
